id,y_true,baseline_qsvm_proba,baseline_qsvm_pred,vqc_proba,vqc_pred
59314,1,0.2683965973245317,0,0.3984375,0
2907,1,0.7219438474742722,1,0.498046875,0
4610,0,0.2622204547785944,0,0.60546875,1
29612,0,0.3366652050564496,0,0.44140625,0
81192,1,0.8225102803911015,1,0.48828125,0
17985,0,0.5433209271703485,1,0.388671875,0
7821,0,0.2494979020956509,0,0.412109375,0
9964,0,0.2522267690736079,0,0.3828125,0
72335,0,0.3382831936210602,0,0.453125,0
96882,0,0.3082444462292398,0,0.314453125,0
70742,0,0.3407543304743681,0,0.5234375,1
62486,1,0.7461212536575418,1,0.623046875,1
63328,0,0.2115640846891024,0,0.388671875,0
55055,0,0.2638234611312536,0,0.455078125,0
85649,1,0.2774785970569321,0,0.375,0
62967,0,0.5215575503052836,1,0.404296875,0
39789,1,0.7192385833344149,1,0.6328125,1
13223,1,0.795731817794146,1,0.40234375,0
63582,1,0.6559557234135026,1,0.517578125,1
51533,1,0.190056267891395,0,0.423828125,0
78234,0,0.2835539363147016,0,0.388671875,0
39340,0,0.2784294377158934,0,0.365234375,0
85132,0,0.2926380730051955,0,0.353515625,0
79,1,0.6462316203955195,1,0.375,0
64428,0,0.2887742522844266,0,0.349609375,0
98672,1,0.5906809875454124,1,0.46875,0
48567,0,0.3868192916829503,0,0.58984375,1
81653,1,0.782728571083281,1,0.5390625,1
70507,0,0.2940315475053694,0,0.48828125,0
47524,1,0.8220322234142535,1,0.44140625,0
93929,0,0.2953680408829752,0,0.486328125,0
67243,0,0.2375024074101787,0,0.421875,0
11935,1,0.3058483404295275,0,0.4921875,0
11606,0,0.7157469411157248,1,0.615234375,1
74218,1,0.6265767476606056,1,0.427734375,0
98248,1,0.823111980105599,1,0.623046875,1
84314,0,0.3278564306315676,0,0.404296875,0
31330,0,0.2245277904138533,0,0.6171875,1
2893,1,0.771752681689563,1,0.68359375,1
32736,1,0.3146571585351102,0,0.55859375,1
7604,1,0.7621747032699604,1,0.509765625,1
6066,0,0.8332200461543904,1,0.556640625,1
55289,0,0.3400936512232986,0,0.44921875,0
90787,1,0.5,1,0.4921875,0
66264,1,0.252519774766772,0,0.48046875,0
70083,1,0.770075319613041,1,0.591796875,1
16284,0,0.208165045069402,0,0.5,1
38289,1,0.4792018777044727,0,0.458984375,0
76890,0,0.2491200975039004,0,0.41796875,0
26273,1,0.8670245763912404,1,0.474609375,0
17083,0,0.4148729273768547,0,0.6640625,1
63069,0,0.8624294568983232,1,0.634765625,1
94338,0,0.2994285259688142,0,0.470703125,0
10752,1,0.397327615330819,0,0.412109375,0
67160,0,0.2818968184992081,0,0.44921875,0
43939,0,0.2763097893970313,0,0.48046875,0
54962,0,0.2879836325452908,0,0.41015625,0
24267,1,0.8037335255714301,1,0.580078125,1
19509,0,0.7213749732381916,1,0.66796875,1
32311,1,0.7188605717364949,1,0.470703125,0
66277,1,0.7628768177297132,1,0.638671875,1
88408,1,0.6405156272351534,1,0.673828125,1
4650,0,0.2306026614245818,0,0.48046875,0
80265,1,0.2827354787834147,0,0.447265625,0
96460,1,0.7228822264847742,1,0.375,0
56985,0,0.895828723330862,1,0.53125,1
92494,1,0.4000175185178521,0,0.58984375,1
3244,0,0.2220401283367185,0,0.484375,0
77022,1,0.2826573176941302,0,0.408203125,0
23418,1,0.7404189070496511,1,0.5859375,1
98565,0,0.2699624887267208,0,0.3828125,0
55204,0,0.469264193466226,0,0.447265625,0
77177,1,0.7989588950079459,1,0.720703125,1
73858,1,0.8029248766689278,1,0.5234375,1
29105,0,0.285885059790999,0,0.40625,0
50067,1,0.7270269778430986,1,0.607421875,1
22254,1,0.1986180263748051,0,0.388671875,0
32591,0,0.2732278107741459,0,0.41015625,0
67875,1,0.8233200802688847,1,0.71875,1
38034,0,0.5265674849164992,1,0.462890625,0
23298,0,0.2768963156709516,0,0.353515625,0
59395,0,0.4537740927437434,0,0.443359375,0
68464,0,0.3956485239142195,0,0.341796875,0
63289,0,0.5200522591397797,1,0.38671875,0
68947,0,0.2040047169944689,0,0.462890625,0
72865,0,0.3735457675491266,0,0.529296875,1
63952,0,0.3561202800651255,0,0.552734375,1
45932,0,0.7819106323832803,1,0.365234375,0
82665,0,0.7761939589983279,1,0.607421875,1
49862,0,0.5514327950834089,1,0.408203125,0
39527,0,0.2806578530976694,0,0.419921875,0
92202,0,0.7560804029015307,1,0.57421875,1
92316,1,0.4433881904795397,0,0.521484375,1
47170,0,0.4209468478031634,0,0.419921875,0
16232,0,0.7953654697192766,1,0.50390625,1
60092,1,0.3092610604674168,0,0.427734375,0
18769,0,0.5411801741612079,1,0.400390625,0
80115,1,0.7290693331758894,1,0.62109375,1
98701,1,0.743082202128277,1,0.490234375,0
83965,0,0.2511109342621428,0,0.453125,0
53984,0,0.2724990723386123,0,0.451171875,0
2071,1,0.2532946799522333,0,0.30078125,0
93470,1,0.602078726722708,1,0.45703125,0
58536,1,0.578414548995841,1,0.630859375,1
5760,1,0.2171413882076909,0,0.4140625,0
46412,1,0.7163538068308175,1,0.65234375,1
59113,1,0.5303797194688105,1,0.4296875,0
79720,0,0.2432956464563985,0,0.458984375,0
68162,1,0.3856978564195514,0,0.46875,0
17714,0,0.2804708332326796,0,0.314453125,0
5486,1,0.648131384114036,1,0.5234375,1
69004,0,0.331579545559203,0,0.466796875,0
70910,1,0.7642792224780722,1,0.64453125,1
58965,1,0.7541649625743654,1,0.7109375,1
24268,0,0.2676692038621969,0,0.4375,0
68296,0,0.5585001267216946,1,0.580078125,1
23049,0,0.2712549901894488,0,0.4453125,0
13758,1,0.8798581205008525,1,0.671875,1
45308,0,0.2765472224478499,0,0.50390625,1
66431,0,0.6115942935457244,1,0.60546875,1
92859,0,0.2531556475714974,0,0.470703125,0
41048,1,0.6485710746857973,1,0.576171875,1
40676,1,0.3323810165454532,0,0.51953125,1
73214,1,0.7328003788836626,1,0.658203125,1
10395,1,0.7461255270696786,1,0.591796875,1
49308,0,0.7665171423444176,1,0.59375,1
24473,1,0.5614752115243278,1,0.375,0
84780,0,0.6232707427972677,1,0.3984375,0
63440,1,0.211880622429794,0,0.515625,1
48537,0,0.694281262867471,1,0.5546875,1
92425,0,0.263722023972291,0,0.443359375,0
69768,1,0.2808373829600391,0,0.38671875,0
24825,0,0.2806991294549161,0,0.423828125,0
20754,0,0.2610657294773784,0,0.37890625,0
98397,1,0.6427436175675366,1,0.46484375,0
95061,1,0.6179770348007549,1,0.412109375,0
59490,1,0.8243606057505617,1,0.55859375,1
98398,1,0.8202082758124044,1,0.380859375,0
33298,0,0.7682707166504958,1,0.625,1
14622,0,0.313444794333424,0,0.490234375,0
49961,0,0.8261250560752132,1,0.60546875,1
34285,1,0.7101007147151324,1,0.404296875,0
7392,0,0.5,1,0.64453125,1
49463,0,0.4801448440293697,0,0.46875,0
21332,1,0.6600338650735001,1,0.55859375,1
84828,1,0.7478851362318354,1,0.6171875,1
89760,1,0.5135645731008943,1,0.47265625,0
56367,1,0.8009804930831648,1,0.361328125,0
71488,1,0.2610712033115684,0,0.427734375,0
41270,0,0.2563134252751093,0,0.4296875,0
24225,1,0.8051149107443596,1,0.50390625,1
38582,0,0.2734173134318171,0,0.46875,0
43555,0,0.2193369433247592,0,0.435546875,0
75060,1,0.7921158225283181,1,0.580078125,1
35196,1,0.6614846154084904,1,0.55859375,1
98703,0,0.328730317933862,0,0.396484375,0
17896,0,0.2830770791673093,0,0.498046875,0
40884,0,0.3894315012836778,0,0.482421875,0
56870,0,0.330445238341102,0,0.47265625,0
37873,0,0.2174500906463719,0,0.513671875,1
85095,1,0.7237336699345059,1,0.349609375,0
19380,1,0.587078311512857,1,0.365234375,0
17710,1,0.7631056324485688,1,0.572265625,1
82101,0,0.7609669447073936,1,0.400390625,0
22580,1,0.5366542700167928,1,0.48046875,0
99109,1,0.7401945776833141,1,0.611328125,1
21169,1,0.3487764647021237,0,0.404296875,0
50538,0,0.7351016439833756,1,0.576171875,1
17917,0,0.2801530439722987,0,0.458984375,0
93046,0,0.5660179037926567,1,0.435546875,0
63907,0,0.2764082917177855,0,0.390625,0
49763,1,0.8808302262343286,1,0.63671875,1
35362,1,0.2895373518847766,0,0.3203125,0
28031,1,0.7262987222238785,1,0.583984375,1
36504,1,0.725961937078244,1,0.525390625,1
82253,1,0.2584891874031514,0,0.439453125,0
20441,1,0.4350243654414172,0,0.40234375,0
91486,1,0.4857951758529232,0,0.625,1
68304,0,0.3578083946876179,0,0.587890625,1
3616,0,0.5855007644960636,1,0.603515625,1
81823,1,0.8328898763297429,1,0.50390625,1
26581,1,0.5600026570866256,1,0.51171875,1
55372,0,0.7162787836099135,1,0.556640625,1
24358,1,0.7439732328812553,1,0.66796875,1
99384,1,0.8211067665953976,1,0.73046875,1
49643,0,0.3693700226009547,0,0.35546875,0
18661,0,0.3066904156415004,0,0.34765625,0
2385,0,0.6868694788075747,1,0.6328125,1
71894,1,0.774136728670924,1,0.416015625,0
96098,1,0.3317168769791055,0,0.41015625,0
47425,1,0.5507358516765455,1,0.412109375,0
4622,1,0.7295281699325783,1,0.63671875,1
17483,0,0.2949372472240664,0,0.46875,0
81407,0,0.2517735852576765,0,0.388671875,0
19229,1,0.6778764098129969,1,0.587890625,1
81705,1,0.7518826399988353,1,0.48828125,0
25707,0,0.7444082337038438,1,0.705078125,1
59355,0,0.7378629026350493,1,0.685546875,1
58666,1,0.7568728249394984,1,0.552734375,1
30137,1,0.3676046679710723,0,0.47265625,0
