model_key,mean_predicted,fraction_positive
xgboost_alone,0.1412193251773715,0.025
xgboost_alone,0.28653883934020996,0.325
xgboost_alone,0.4675150863826275,0.425
xgboost_alone,0.7565869629383087,0.8
xgboost_alone,0.8648299962282181,0.9
quantum_hybrid,0.15470488767731927,0.025
quantum_hybrid,0.269741713501028,0.325
quantum_hybrid,0.4718073564620255,0.425
quantum_hybrid,0.7702504887467823,0.8
quantum_hybrid,0.8510149599824743,0.9
rff_control_hybrid,0.1537878293511839,0.025
rff_control_hybrid,0.27090716638392776,0.325
rff_control_hybrid,0.4703983231770598,0.425
rff_control_hybrid,0.7698749565957161,0.8
rff_control_hybrid,0.8499672883013203,0.9
noop_control_hybrid,0.15436328609620373,0.025
noop_control_hybrid,0.26976523363090105,0.325
noop_control_hybrid,0.4715125255737395,0.425
noop_control_hybrid,0.7696069897698754,0.8
noop_control_hybrid,0.8512173619888769,0.9
