id,y_true,xgboost_alone_proba,xgboost_alone_pred,quantum_hybrid_proba,quantum_hybrid_pred,rff_control_hybrid_proba,rff_control_hybrid_pred,noop_control_hybrid_proba,noop_control_hybrid_pred
59314,1,0.39290884,0,0.3822645336933261,0,0.3825048395607749,0,0.3858205176309725,0
2907,1,0.81661737,1,0.822041286237659,1,0.8231136453132709,1,0.8206825807197741,1
4610,0,0.059147876,0,0.10610431828820514,0,0.10451340172488294,0,0.10623997333015515,0
29612,0,0.26728922,0,0.24955054420986222,0,0.25290671670288406,0,0.2519929987725954,0
81192,1,0.83365315,1,0.8323051984336158,1,0.8323739451728575,1,0.8318573847328893,1
17985,0,0.8512039,1,0.8439245494552751,1,0.8344789691144973,1,0.840183954251668,1
7821,0,0.17218065,0,0.1713361817821855,0,0.1732852175128635,0,0.17217188798513924,0
9964,0,0.24704522,0,0.23218586594157473,0,0.23460929189988758,0,0.23209920903983,0
72335,0,0.22185656,0,0.2110308941693015,0,0.21300650649139502,0,0.21062929593308058,0
96882,0,0.20995131,0,0.20022320955208922,0,0.20102554019936023,0,0.20108817662145073,0
70742,0,0.3649072,0,0.3500637352097044,0,0.3486163665175721,0,0.3523042828903248,0
62486,1,0.8022353,1,0.8103468676102598,1,0.8134158510416,1,0.8137050422374719,1
63328,0,0.1589023,0,0.1636594747376051,0,0.1624233624544273,0,0.16183086988698125,0
55055,0,0.16300675,0,0.16700133376511894,0,0.15812589027926513,0,0.1637283094991415,0
85649,1,0.29403484,0,0.27547558503933195,0,0.27693777736503045,0,0.2763511059804707,0
62967,0,0.36926922,0,0.3564049508077349,0,0.3651995625314031,0,0.34852516156797037,0
39789,1,0.8566537,1,0.8451835786351861,1,0.8458171958494959,1,0.8471723674163489,1
13223,1,0.8820055,1,0.8589050388511187,1,0.8556372314356482,1,0.8620726839600179,1
63582,1,0.58148396,1,0.6049490841278279,1,0.6167095281758649,1,0.5996035326711356,1
51533,1,0.24400997,0,0.2304183074876458,0,0.230057680148906,0,0.22662702013641664,0
78234,0,0.29844588,0,0.27974280493616815,0,0.28259853299211685,0,0.28156826405141083,0
39340,0,0.22191417,0,0.21041730618524915,0,0.21174117687292046,0,0.21046248577418578,0
85132,0,0.24516848,0,0.2299719835269159,0,0.23129543512703699,0,0.2303892883371507,0
79,1,0.8997685,1,0.8709229602017062,1,0.8705493111285949,1,0.8710090733783472,1
64428,0,0.26546457,0,0.24817546385942355,0,0.25145569591129724,0,0.24964346195364276,0
98672,1,0.75287884,1,0.7718042538940019,1,0.7761558836458357,1,0.7683531576371097,1
48567,0,0.21481758,0,0.20545690095978242,0,0.1996046523333016,0,0.20259359247986755,0
81653,1,0.68972695,1,0.7165611976831765,1,0.7119747005849731,1,0.7199571119545687,1
70507,0,0.28023958,0,0.25931489170518296,0,0.26112414323963773,0,0.2623087385745271,0
47524,1,0.5976119,1,0.6245028336069716,1,0.6237104540413049,1,0.6223425007769414,1
93929,0,0.36332414,0,0.34841520158160894,0,0.34835692783785843,0,0.3507841633664237,0
67243,0,0.24722175,0,0.23272389199108393,0,0.23286428871999248,0,0.23113204206730825,0
11935,1,0.3117507,0,0.29231678000743827,0,0.29312234803331816,0,0.2904806917641543,0
11606,0,0.36045945,0,0.3460565930452227,0,0.34694448254754,0,0.34467896616017113,0
74218,1,0.8750988,1,0.8579305803905051,1,0.8567736461919593,1,0.8595879877451976,1
98248,1,0.8652805,1,0.8517767323276219,1,0.8531064684086199,1,0.8529135214843355,1
84314,0,0.3723327,0,0.35836938232200666,0,0.355611553752593,0,0.35984486845366465,0
31330,0,0.42159325,0,0.4169156764061445,0,0.4168475929015417,0,0.4162500376816628,0
2893,1,0.76867795,1,0.7852204027822897,1,0.7853632493224239,1,0.7839432204277255,1
32736,1,0.85681486,1,0.8463568262666571,1,0.8480327798372607,1,0.8460441784543754,1
7604,1,0.6366637,1,0.6647598747499255,1,0.6653455996382509,1,0.6627478812287254,1
6066,0,0.7251606,1,0.750421719495403,1,0.753550310543821,1,0.7482119570627158,1
55289,0,0.15696675,0,0.1608288537702384,0,0.1631152754090404,0,0.1634320610642379,0
90787,1,0.5170894,1,0.532860376529013,1,0.5286937514379738,1,0.5346838952069746,1
66264,1,0.33972037,0,0.32188146598938394,0,0.321456538148773,0,0.3220668670766985,0
70083,1,0.8539849,1,0.8450515567810953,1,0.8451915009644709,1,0.8449632594010159,1
16284,0,0.11279644,0,0.13422602114737175,0,0.13279721291138627,0,0.13369030623290976,0
38289,1,0.84419984,1,0.8398222337598102,1,0.837387531176714,1,0.8368814697801584,1
76890,0,0.19631208,0,0.19031053987127192,0,0.1902582032940153,0,0.18913616194483243,0
26273,1,0.90245396,1,0.8734289652078233,1,0.8664323583412105,1,0.8697833379479455,1
17083,0,0.41880363,0,0.4130464925848679,0,0.40992886829743386,0,0.4127452235096143,0
63069,0,0.81536,1,0.8197062089842891,1,0.8181135634885812,1,0.8185679155300387,1
94338,0,0.11852417,0,0.13857003296287163,0,0.13534684095003766,0,0.13724725473093166,0
10752,1,0.42008194,0,0.41403976446284285,0,0.40914414241509844,0,0.41646769072137585,0
67160,0,0.20678632,0,0.19709891979129526,0,0.19937360478862765,0,0.19692087627796287,0
43939,0,0.14101173,0,0.15165372647460146,0,0.15184946574653904,0,0.15151027415987947,0
54962,0,0.31295022,0,0.2944238628701487,0,0.29597555271993603,0,0.29585028020715975,0
24267,1,0.7792581,1,0.7916920522325164,1,0.7968459442117509,1,0.7903172801382473,1
19509,0,0.810816,1,0.8156033550542843,1,0.8134645457578954,1,0.8176604902116098,1
32311,1,0.5649195,1,0.5890758087854252,1,0.5888353945470278,1,0.5883131145506907,1
66277,1,0.84435374,1,0.839750543738772,1,0.8409699957532012,1,0.8407092710930768,1
88408,1,0.80576676,1,0.8128437165250522,1,0.813052862093754,1,0.8138867049803328,1
4650,0,0.085074216,0,0.1192718552250369,0,0.11619845469343427,0,0.11834740119882663,0
80265,1,0.2730762,0,0.254357187847889,0,0.25622421135140255,0,0.2558467629370793,0
96460,1,0.6864479,1,0.7117747378075111,1,0.7113938488247457,1,0.7145249850819723,1
56985,0,0.16893052,0,0.16679702487545447,0,0.16969526736886412,0,0.17121738424953512,0
92494,1,0.2279858,0,0.21471349433062056,0,0.21693194969189514,0,0.21530976678910033,0
3244,0,0.10924377,0,0.13283247821630217,0,0.13288956493109097,0,0.1327987562977373,0
77022,1,0.24146655,0,0.22517063691101125,0,0.2268756158064635,0,0.22666216249503823,0
23418,1,0.8305559,1,0.8280693001791558,1,0.8298702644064908,1,0.8303356951387878,1
98565,0,0.32171136,0,0.30461372024425015,0,0.30603920283993735,0,0.30329736702500854,0
55204,0,0.2496033,0,0.23073842796334823,0,0.23246237406100526,0,0.23423776957982642,0
77177,1,0.72510237,1,0.7487073195396656,1,0.7456277180408499,1,0.7502548801799513,1
73858,1,0.8249603,1,0.8259723437856262,1,0.8249618382063452,1,0.8251358939068346,1
29105,0,0.23722473,0,0.22360991616851358,0,0.225666471412354,0,0.22349646038340457,0
50067,1,0.8369764,1,0.8339241852090117,1,0.8352471744318984,1,0.8351815886264254,1
22254,1,0.75608,1,0.7767446735035691,1,0.7769637237891173,1,0.775739532540806,1
32591,0,0.12753056,0,0.14347164667351556,0,0.14318447071536486,0,0.14299801664641257,0
67875,1,0.8071503,1,0.8117762867959424,1,0.8141516239469891,1,0.8130759967025251,1
38034,0,0.56163645,1,0.5818948470534433,1,0.5751225698951371,1,0.5854046499390348,1
23298,0,0.28340253,0,0.26515417276473174,0,0.2660363014755301,0,0.2655005711261198,0
59395,0,0.5357802,1,0.5530103329341298,1,0.5465276918939782,1,0.5569999504410471,1
68464,0,0.40135667,0,0.39260290267078246,0,0.39095066633726044,0,0.39180614184372775,0
63289,0,0.19941424,0,0.19441773336429063,0,0.19231225125613022,0,0.1923379753710588,0
68947,0,0.25245246,0,0.2359875583942329,0,0.23476570646068962,0,0.23463445207238015,0
72865,0,0.3835401,0,0.3713019553960103,0,0.36883143396687906,0,0.37304872475378,0
63952,0,0.026354158,0,0.09114757090313445,0,0.09173479401800806,0,0.09206553788635216,0
45932,0,0.5773281,1,0.6005257244986492,1,0.6021123863775015,1,0.5969291736245356,1
82665,0,0.42035976,0,0.4150909872353773,0,0.42020940996149725,0,0.4076037525618814,0
49862,0,0.85799676,1,0.8477996802442044,1,0.8484599040583626,1,0.8469176196815708,1
39527,0,0.1261142,0,0.1431500377817533,0,0.13986813883620033,0,0.14182426778722204,0
92202,0,0.8246002,1,0.825849263142222,1,0.8273294111291069,1,0.8264729734421636,1
92316,1,0.84941983,1,0.8424744801830655,1,0.8429181146040571,1,0.839141400418501,1
47170,0,0.4761479,0,0.4846167195273214,0,0.4852354408852012,0,0.4847597801364506,0
16232,0,0.8078988,1,0.8141580995925543,1,0.8147948308962969,1,0.816941036799513,1
60092,1,0.26293254,0,0.2470629349496251,0,0.24825272108694443,0,0.2458063986305495,0
18769,0,0.08817594,0,0.11869575499503146,0,0.12343903709047865,0,0.12190753953637802,0
80115,1,0.85338813,1,0.8432622911635325,1,0.8436512434754111,1,0.8457468851152432,1
98701,1,0.57462585,1,0.5998197732997144,1,0.6014989327563827,1,0.6000614602683886,1
83965,0,0.38593543,0,0.3730092928328494,0,0.37147371864498885,0,0.37610176038624366,0
53984,0,0.3070076,0,0.2865613103782119,0,0.2852029829680194,0,0.29007435376180074,0
2071,1,0.7039303,1,0.7312533725398428,1,0.7276811650491786,1,0.724157638857693,1
93470,1,0.8651893,1,0.8520332511930856,1,0.8530738818351749,1,0.8508109222124504,1
58536,1,0.88108504,1,0.8599595009657272,1,0.858100610007736,1,0.8629892553358384,1
5760,1,0.25628096,0,0.24009445546785887,0,0.24109205497304842,0,0.2378275942678705,0
46412,1,0.8465454,1,0.8422761731747962,1,0.8370035198583777,1,0.8382354569597485,1
59113,1,0.71681035,1,0.7414927715341794,1,0.7464468319097469,1,0.7371974986191607,1
79720,0,0.103742085,0,0.12906472248895723,0,0.12833021979073023,0,0.12905827304363657,0
68162,1,0.3996932,0,0.3935220701708934,0,0.38927153826461963,0,0.3855142984472045,0
17714,0,0.26834738,0,0.251962360503953,0,0.2528099826408071,0,0.24953325846122287,0
5486,1,0.45618218,0,0.4598739085663338,0,0.45597973718404305,0,0.4588603413598262,0
69004,0,0.1598431,0,0.16473535150391894,0,0.16301016412911812,0,0.1635552144489055,0
70910,1,0.8180727,1,0.8217526677150604,1,0.8223872608735187,1,0.8220043325456425,1
58965,1,0.8564196,1,0.8478171228688738,1,0.8488717888121522,1,0.846959532990069,1
24268,0,0.120716475,0,0.1398488962355662,0,0.136919836734302,0,0.1386942781836139,0
68296,0,0.44570622,0,0.44751595309547665,0,0.4471373133671356,0,0.4433323735715986,0
23049,0,0.16620773,0,0.16775435168096703,0,0.16829427660436982,0,0.16707320820033178,0
13758,1,0.9084609,1,0.8756190227081162,1,0.8737521364594973,1,0.8748233236437628,1
45308,0,0.057084206,0,0.1058750313393076,0,0.10222575776986911,0,0.10491183544665433,0
66431,0,0.42784935,0,0.4220992408007684,0,0.4228127661643077,0,0.4200854864003424,0
92859,0,0.08150037,0,0.11740640743683506,0,0.11459315886733966,0,0.11663082246959561,0
41048,1,0.59271336,1,0.6220502436281211,1,0.6100867579990955,1,0.6107398330461029,1
40676,1,0.34336537,0,0.3261808441612946,0,0.32542768796475385,0,0.3286168689806115,0
73214,1,0.8619525,1,0.8491835126930222,1,0.8498762524714438,1,0.8514697211558903,1
10395,1,0.83092993,1,0.8285649499428326,1,0.8275799713288365,1,0.8323419571939927,1
49308,0,0.5215781,1,0.5345506383719134,1,0.5244631162310505,1,0.540607202554641,1
24473,1,0.897651,1,0.868487649618263,1,0.8659721491552314,1,0.8703337384909713,1
84780,0,0.44072205,0,0.4397322347394145,0,0.441135628168855,0,0.4371676581867558,0
63440,1,0.11606451,0,0.13603581781295898,0,0.135155168481251,0,0.13573443047097403,0
48537,0,0.69595015,1,0.7202830320881695,1,0.7284421958644973,1,0.7190972190954864,1
92425,0,0.118084535,0,0.13856667156470673,0,0.13430605686416247,0,0.1359830729174165,0
69768,1,0.25208202,0,0.23639881908632718,0,0.23855042307460353,0,0.23663444563842445,0
24825,0,0.18611449,0,0.18342939178537263,0,0.18173609530754067,0,0.18112490252073704,0
20754,0,0.3044519,0,0.2872274618726294,0,0.28784832133320515,0,0.2850814612834246,0
98397,1,0.7166451,1,0.7414610412974828,1,0.7434454314777912,1,0.7377207751088944,1
95061,1,0.51981395,1,0.5327556835748977,1,0.525578907451082,1,0.5382689036943538,1
59490,1,0.8096163,1,0.8162868455876894,1,0.8177521771719782,1,0.8162718879537804,1
98398,1,0.8731211,1,0.8570462162964665,1,0.8571422265017885,1,0.8569686536352602,1
33298,0,0.75402457,1,0.7723975935806883,1,0.7735693562871214,1,0.7710308969248225,1
14622,0,0.18658043,0,0.1829629522472096,0,0.17639741013873853,0,0.1806594617976451,0
49961,0,0.8782499,1,0.8593110722414417,1,0.8615083333219143,1,0.8586181971375987,1
34285,1,0.8732644,1,0.8543337760309159,1,0.8527171938158885,1,0.8563697610166167,1
7392,0,0.46971545,0,0.4768738722184127,0,0.48159562027743286,0,0.4746103350087668,0
49463,0,0.47547793,0,0.48367444840714613,0,0.4824141813100102,0,0.48283770798448616,0
21332,1,0.8296847,1,0.8296579874333256,1,0.8295347831020755,1,0.8306816843248971,1
84828,1,0.88479716,1,0.8640822446711284,1,0.8571298928033713,1,0.8612606357965663,1
89760,1,0.58556354,1,0.610456883361269,1,0.6087910518680915,1,0.6101216799428972,1
56367,1,0.8935726,1,0.8683386516069338,1,0.8676617295509376,1,0.8677443463100526,1
71488,1,0.37185255,0,0.35667259223066083,0,0.35444699832048826,0,0.35883896769939483,0
41270,0,0.26470038,0,0.24719221241163936,0,0.2489420268823804,0,0.24719254004949776,0
24225,1,0.8584824,1,0.8466344328708003,1,0.8447045888389928,1,0.846418810288668,1
38582,0,0.33368358,0,0.31398656304901673,0,0.3183019632604834,0,0.3138801175540316,0
43555,0,0.1252945,0,0.14276055771426907,0,0.13881129765241343,0,0.1410284512704358,0
75060,1,0.8478884,1,0.8400580862422335,1,0.8389671162395199,1,0.8437230316203587,1
35196,1,0.79637694,1,0.8082978389803315,1,0.8032243895352194,1,0.8019231558965718,1
98703,0,0.22446503,0,0.2134967440402414,0,0.2123096497444709,0,0.21124577649469892,0
17896,0,0.17810783,0,0.1748882863107224,0,0.1773259542875656,0,0.17763229449543352,0
40884,0,0.22787347,0,0.21334482327258827,0,0.21476776744394166,0,0.21377443495646614,0
56870,0,0.37634006,0,0.3629282887253591,0,0.3605674746620745,0,0.36518002118370124,0
37873,0,0.030792387,0,0.0925566937933565,0,0.09440177291547089,0,0.09373105295082897,0
85095,1,0.8997861,1,0.869331724929011,1,0.8659123332482733,1,0.8720036913905547,1
19380,1,0.47711894,0,0.4846024337820245,0,0.47911119291969806,0,0.48504594437240467,0
17710,1,0.8501987,1,0.8413189751248357,1,0.8393005651440401,1,0.8450764107145118,1
82101,0,0.8233006,1,0.8251905995910157,1,0.8267659679264117,1,0.8256351860443207,1
22580,1,0.44948927,0,0.4498533100006533,0,0.4454074204397317,0,0.4501986032136046,0
99109,1,0.8479645,1,0.8410498159686808,1,0.8411864378328842,1,0.8408226467660382,1
21169,1,0.44185832,0,0.4410081196804683,0,0.4373991350614322,0,0.4412262984125903,0
50538,0,0.2591279,0,0.24339833757558915,0,0.24650824070922425,0,0.24365424055339394,0
17917,0,0.17736986,0,0.17687585192085742,0,0.17686514893719824,0,0.17620170626178924,0
93046,0,0.176659,0,0.17288367644045058,0,0.1763603895855447,0,0.176277022865521,0
63907,0,0.2946524,0,0.276076364897659,0,0.27648280837302097,0,0.2762859426223374,0
49763,1,0.86770165,1,0.8526177581926533,1,0.8528701076973288,1,0.8527848870114183,1
35362,1,0.8311693,1,0.8306782566581001,1,0.8215335141615938,1,0.8254738262876394,1
28031,1,0.2900341,0,0.2721938561814661,0,0.2712609416393412,0,0.26517565746389704,0
36504,1,0.48456293,0,0.4908707211606494,0,0.48502719768316405,0,0.494330769078675,0
82253,1,0.35868102,0,0.3422796360738192,0,0.34167455958764203,0,0.34308719813015737,0
20441,1,0.4748276,0,0.4808447605084149,0,0.47422611123833125,0,0.48354406660147176,0
91486,1,0.7630203,1,0.7808962401037285,1,0.7764988668573091,1,0.7777554921995781,1
68304,0,0.054897334,0,0.10322624620493834,0,0.10474229866029786,0,0.1043027346448236,0
3616,0,0.44946125,0,0.45109136915761944,0,0.44959278544614784,0,0.4469623385893227,0
81823,1,0.81230026,1,0.8174604427798925,1,0.8187394278614488,1,0.8181285262083056,1
26581,1,0.61744213,1,0.6429845092042122,1,0.6379419071914206,1,0.6470399204802921,1
55372,0,0.5185331,1,0.5348045347488922,1,0.5503046687571259,1,0.5275997551193388,1
24358,1,0.87628776,1,0.8589508706284897,1,0.8566249219863458,1,0.8574906707994172,1
99384,1,0.6222631,1,0.6476355278885851,1,0.6405860334409437,1,0.6498103268459653,1
49643,0,0.3078275,0,0.2887684632050701,0,0.2914650094598783,0,0.28670723824226224,0
18661,0,0.3599486,0,0.3447146189936684,0,0.3432477944108408,0,0.3455672330393045,0
2385,0,0.43229783,0,0.43104653944752636,0,0.4320253601153649,0,0.4277863988221538,0
71894,1,0.85268754,1,0.8446366657960138,1,0.8449842652206853,1,0.8441900845340199,1
96098,1,0.8184779,1,0.8227211479440846,1,0.8211298429805554,1,0.8212599270410281,1
47425,1,0.86372447,1,0.8507774748954245,1,0.8498545858160297,1,0.8497426681734943,1
4622,1,0.83966,1,0.8363062744207703,1,0.8350824451968889,1,0.838194514298831,1
17483,0,0.10023681,0,0.12827796184808066,0,0.12394018769933908,0,0.12650850047083168,0
81407,0,0.24160229,0,0.2270114651677571,0,0.23112775853791,0,0.22822679013690045,0
19229,1,0.81598246,1,0.8206838203817203,1,0.8183930618015655,1,0.8224942343890124,1
81705,1,0.6311988,1,0.6597148677901551,1,0.6574366819081542,1,0.6611430074951199,1
25707,0,0.5840553,1,0.6092763272848207,1,0.6064859647059938,1,0.6083671633334305,1
59355,0,0.857958,1,0.8479670740890742,1,0.8496135283201787,1,0.8492923454274133,1
58666,1,0.84729886,1,0.8396416512232101,1,0.8397535519738816,1,0.8417206178973049,1
30137,1,0.5227115,1,0.5384417232799374,1,0.533344043284443,1,0.5412661521011127,1
