module,seed,cv_mse,n_evals,seconds
quantum,42,0.1840570995480488,25,321.5621142000891
quantum,123,0.1838295846247918,25,265.48678420006763
quantum,2024,0.18379526125156218,25,399.88865830004215
quantum,7,0.1851428376243552,25,398.6325548000168
quantum,99,0.18417768926277164,25,398.64840740000363
rff_control,42,0.18550535257212877,25,0.01900279999244958
rff_control,123,0.18650240776344174,25,0.04418600001372397
rff_control,2024,0.18597198619037678,25,0.023885500035248697
rff_control,7,0.18437609100325303,25,0.0389382999856025
rff_control,99,0.19260578432001654,25,0.044527700054459274
noop_control,42,0.19132746184666782,25,0.0179256999399513
noop_control,123,0.18670088083175565,25,0.02798460004851222
noop_control,2024,0.20895495992205138,25,0.03109309996943921
noop_control,7,0.1966725813988173,25,0.03202649997547269
noop_control,99,0.2936762222419313,25,0.03166660002898425
