id,y_true,baseline_qsvm_proba,baseline_qsvm_pred,adaptive_qsvm_proba,adaptive_qsvm_pred
59314,1,0.2904583520053518,0,0.2792431285079669,0
2907,1,0.8792565463187967,1,0.8169402943752113,1
4610,0,0.24459889038377938,0,0.10665361979369409,0
29612,0,0.25013586229575246,0,0.30423716503420245,0
81192,1,0.7055391761458996,1,0.8331719925980824,1
17985,0,0.7158889552717381,1,0.7507449900259924,1
7821,0,0.21513940757715647,0,0.21677962955886262,0
9964,0,0.26533033591137234,0,0.30833336050357796,0
72335,0,0.2817284465142737,0,0.2661026028227758,0
96882,0,0.2807019732975219,0,0.2627549583425469,0
70742,0,0.276276178075312,0,0.29367743207794,0
62486,1,0.827210048887408,1,0.7073229540382675,1
63328,0,0.2070811691645579,0,0.2267768748417875,0
55055,0,0.2304198562443475,0,0.19562095046225786,0
85649,1,0.2656854373308962,0,0.2776073862113713,0
62967,0,0.7669638064213712,1,0.7242291100444963,1
39789,1,0.8180800495973538,1,0.7659413934314362,1
13223,1,0.7592336724550176,1,0.7091493699262884,1
63582,1,0.7700228952206756,1,0.7496153947312414,1
51533,1,0.3172096171469053,0,0.45642068859310153,0
78234,0,0.288890342327206,0,0.2909639158171673,0
39340,0,0.27263013513702294,0,0.25491242092439936,0
85132,0,0.2539569248575359,0,0.2900154552002389,0
79,1,0.8646200971835237,1,0.7496544424564808,1
64428,0,0.28012303557903206,0,0.284540452035649,0
98672,1,0.7448174258839914,1,0.7800941262868951,1
48567,0,0.2612139175874825,0,0.463847205284543,0
81653,1,0.8239762562774167,1,0.7500684510666962,1
70507,0,0.2533259879479431,0,0.23301992642841607,0
47524,1,0.6423473307907934,1,0.7273608979545876,1
93929,0,0.26911039830081573,0,0.31632489806241176,0
67243,0,0.3458467702717859,0,0.2742795312759597,0
11935,1,0.3843709874901724,0,0.36363090148852667,0
11606,0,0.22591426407729154,0,0.2748513328879167,0
74218,1,0.6819923209371213,1,0.7183807598474286,1
98248,1,0.8042060967881542,1,0.8831967243381708,1
84314,0,0.36272378585937554,0,0.31110614716040796,0
31330,0,0.2949047645227743,0,0.3461204642775339,0
2893,1,0.6491630047086693,1,0.4880036332948511,0
32736,1,0.4783071266084752,0,0.7719553284053613,1
7604,1,0.6445885893677148,1,0.5643014478434396,1
6066,0,0.782478212891124,1,0.7575262514919641,1
55289,0,0.1871592877403175,0,0.2197627183103821,0
90787,1,0.39988990396528684,0,0.42566159117468766,0
66264,1,0.3149909323179039,0,0.3158761723058948,0
70083,1,0.8237844645312294,1,0.8614338791911819,1
16284,0,0.2595459247897613,0,0.2500281548567435,0
38289,1,0.8953329146394492,1,0.5513909675864519,1
76890,0,0.2154513781544168,0,0.22981903785643432,0
26273,1,0.8641497765035926,1,0.6972600474405346,1
17083,0,0.3849084896627555,0,0.35451647287725313,0
63069,0,0.7462634007073439,1,0.7093612325597459,1
94338,0,0.2292365262571957,0,0.2328314094603541,0
10752,1,0.446186307613119,0,0.45706033726130674,0
67160,0,0.1721547290479293,0,0.19060909086234132,0
43939,0,0.17055559386650823,0,0.22158470116514897,0
54962,0,0.2716839736545267,0,0.3075193701968602,0
24267,1,0.8164204419428573,1,0.7409572644215275,1
19509,0,0.8343295332318108,1,0.7892821821341219,1
32311,1,0.7043877632836072,1,0.6027019532512522,1
66277,1,0.8286992665829417,1,0.907185925773627,1
88408,1,0.744014025881048,1,0.7375572409053794,1
4650,0,0.11325986473830874,0,0.24648004519692998,0
80265,1,0.20760967579981793,0,0.2623551171430456,0
96460,1,0.607272129271154,1,0.8665120706501473,1
56985,0,0.2855001660589834,0,0.6328528209146975,1
92494,1,0.3438569676354446,0,0.4189789119261456,0
3244,0,0.26567088360872093,0,0.3441569058251333,0
77022,1,0.20287457563799016,0,0.2962670803005043,0
23418,1,0.8100187477526977,1,0.7284635975900542,1
98565,0,0.264971932767455,0,0.2971297245680772,0
55204,0,0.2264212676761493,0,0.34480830728694767,0
77177,1,0.7066211481779571,1,0.8045446679858821,1
73858,1,0.704573874128447,1,0.7260933448342769,1
29105,0,0.22577371907448046,0,0.34700206865141664,0
50067,1,0.8119347910932442,1,0.7218348771937193,1
22254,1,0.25952392114169576,0,0.33339919313307326,0
32591,0,0.27233594471997324,0,0.27320319277368393,0
67875,1,0.7412717420489764,1,0.4787366592271727,0
38034,0,0.6573902346030149,1,0.7400283974473528,1
23298,0,0.24385896385159103,0,0.27896284856166426,0
59395,0,0.5084327343774833,1,0.6319795722421033,1
68464,0,0.31755166182177713,0,0.3390673455164521,0
63289,0,0.6364157594231938,1,0.2875293444734951,0
68947,0,0.46675079000626923,0,0.40271514499312805,0
72865,0,0.2772080677221057,0,0.3759821017561369,0
63952,0,0.16218419604853607,0,0.3169663354046554,0
45932,0,0.761151735731638,1,0.819168215713406,1
82665,0,0.3691397959324144,0,0.6072282603895276,1
49862,0,0.7757770615151538,1,0.7528603822816156,1
39527,0,0.27487089544476,0,0.2525000030555157,0
92202,0,0.8116517827145976,1,0.7576755412743578,1
92316,1,0.6690188310520326,1,0.7007124685315641,1
47170,0,0.3954517109934814,0,0.44335839607430194,0
16232,0,0.7500006961912346,1,0.7086478286187692,1
60092,1,0.26467979716516715,0,0.2745261494405925,0
18769,0,0.19393252407571038,0,0.3124805561150159,0
80115,1,0.6840053322923948,1,0.7256015391797925,1
98701,1,0.7943654037138349,1,0.6677872401587437,1
83965,0,0.25443455875614973,0,0.1898337695945703,0
53984,0,0.3078242331939949,0,0.2874200789124401,0
2071,1,0.7482911410882022,1,0.3656507031282559,0
93470,1,0.7901379585962709,1,0.7646910254637227,1
58536,1,0.6554492249210955,1,0.8354893763336065,1
5760,1,0.2457781108123447,0,0.22619808415715398,0
46412,1,0.7760955897680432,1,0.6403355033265216,1
59113,1,0.7152892262760051,1,0.7265100062721843,1
79720,0,0.1883663152471014,0,0.27436182969760775,0
68162,1,0.3290489486803148,0,0.23973514599645626,0
17714,0,0.40157228480037926,0,0.3877772058906502,0
5486,1,0.6310252634139044,1,0.5361819235747232,1
69004,0,0.17554914318191722,0,0.25867100800990084,0
70910,1,0.7380357337203715,1,0.7639667222725836,1
58965,1,0.7866537519270647,1,0.8525226831229156,1
24268,0,0.2620872707226138,0,0.27654092821248005,0
68296,0,0.27691698234795875,0,0.3190285330730181,0
23049,0,0.2139364236717482,0,0.2281938785144732,0
13758,1,0.711485937534491,1,0.7973250207604058,1
45308,0,0.13698553360495805,0,0.22554041826212384,0
66431,0,0.6346531093338954,1,0.6619400045781992,1
92859,0,0.3533042833719724,0,0.29972796178259137,0
41048,1,0.6462262377077989,1,0.6402985534679547,1
40676,1,0.2763570759068233,0,0.29143162272930506,0
73214,1,0.7738181461965025,1,0.7896747944397977,1
10395,1,0.6970359173958476,1,0.7434522525059513,1
49308,0,0.7865991704153464,1,0.29434190159368256,0
24473,1,0.7660613592849495,1,0.79036060538062,1
84780,0,0.4610122242603622,0,0.6014560565137856,1
63440,1,0.25478494716159195,0,0.2579514232133756,0
48537,0,0.7423985755066438,1,0.8713916583100065,1
92425,0,0.3106204274478435,0,0.20880833953756295,0
69768,1,0.23342847593206995,0,0.3015923345365827,0
24825,0,0.25727104427991015,0,0.2409490423707926,0
20754,0,0.2997949223598922,0,0.2697916459645182,0
98397,1,0.775503344993482,1,0.8401431036466429,1
95061,1,0.7515419193919408,1,0.671649062863404,1
59490,1,0.8668391132107299,1,0.7923038936683834,1
98398,1,0.6157795383003184,1,0.39364462879044515,0
33298,0,0.7203048084937018,1,0.6729103697993845,1
14622,0,0.20033396021967845,0,0.37048826939915663,0
49961,0,0.8264931125144912,1,0.7540271898502593,1
34285,1,0.7767575718353232,1,0.7180303818586584,1
7392,0,0.43535894941530134,0,0.36150187353461777,0
49463,0,0.3653449981193234,0,0.5328802321169102,1
21332,1,0.8239853969586665,1,0.7333651413687451,1
84828,1,0.8152696330643376,1,0.7395896706301325,1
89760,1,0.5204948616177375,1,0.3826849301515213,0
56367,1,0.778342361846422,1,0.7328593328662334,1
71488,1,0.2756574389285151,0,0.282592597820289,0
41270,0,0.16502735498332122,0,0.2431473292916418,0
24225,1,0.4331196945118354,0,0.5873559004659336,1
38582,0,0.4171954580433918,0,0.37795501442449403,0
43555,0,0.32142711977029115,0,0.29404390926543383,0
75060,1,0.8383935444975277,1,0.7486707643717323,1
35196,1,0.7673618791440119,1,0.661498100669803,1
98703,0,0.28341899357785216,0,0.22988502364643418,0
17896,0,0.24859961329699906,0,0.23935657183228168,0
40884,0,0.23960808254508587,0,0.2775727444976971,0
56870,0,0.2776260266537926,0,0.30371420694366086,0
37873,0,0.31331139692913496,0,0.29502885483303315,0
85095,1,0.8204610615694582,1,0.6741820018669736,1
19380,1,0.5153507797982757,1,0.5874578216693432,1
17710,1,0.8822729898811382,1,0.7573476284151147,1
82101,0,0.8169883718765132,1,0.6938590495489069,1
22580,1,0.4340193612289593,0,0.558215279309065,1
99109,1,0.8177478795463968,1,0.8270040049612407,1
21169,1,0.3723907439911242,0,0.33964349763695023,0
50538,0,0.3636963143677295,0,0.5782725884689406,1
17917,0,0.2568434519300208,0,0.2987537978993454,0
93046,0,0.22862392049149305,0,0.3206586942867046,0
63907,0,0.26562141042889903,0,0.27175997130599916,0
49763,1,0.6214943937755065,1,0.6445414477738999,1
35362,1,0.8174500062040536,1,0.22843343656784987,0
28031,1,0.2904897916313742,0,0.3319584603666527,0
36504,1,0.3019882347161629,0,0.6363988677668625,1
82253,1,0.2643919371749018,0,0.3135317330499941,0
20441,1,0.6253818916511763,1,0.587903438694334,1
91486,1,0.8215332906546686,1,0.45151032345128495,0
68304,0,0.2502973972609841,0,0.3081995362642473,0
3616,0,0.2849863006735229,0,0.28162720872313374,0
81823,1,0.8261839601141122,1,0.6955618693762586,1
26581,1,0.38544976602582925,0,0.6214977374381739,1
55372,0,0.662082581922878,1,0.7558853966189679,1
24358,1,0.7606527800207327,1,0.753650822115648,1
99384,1,0.7231636521786478,1,0.27970893004651476,0
49643,0,0.2826967826429067,0,0.3337888732536044,0
18661,0,0.29224053100079866,0,0.25533608105460653,0
2385,0,0.34126485422347597,0,0.405471983669198,0
71894,1,0.7667422210802175,1,0.7830973600383533,1
96098,1,0.43403747349769983,0,0.3815705516648586,0
47425,1,0.7962941903063193,1,0.789087314011188,1
4622,1,0.719542977782775,1,0.8118312709077002,1
17483,0,0.2695728607987822,0,0.2104359515165502,0
81407,0,0.2793819767628078,0,0.3097049102903658,0
19229,1,0.7777400996784819,1,0.8705125399231376,1
81705,1,0.7209805580604575,1,0.6306573062084483,1
25707,0,0.6872899345677745,1,0.623171903571655,1
59355,0,0.8060351384367859,1,0.8787742941425357,1
58666,1,0.7608278790296185,1,0.7658287221471051,1
30137,1,0.3482490542538804,0,0.4000218966102795,0
