id,y_true,logistic_regression_proba,logistic_regression_pred,rbf_svm_proba,rbf_svm_pred,random_forest_proba,random_forest_pred,xgboost_proba,xgboost_pred,baseline_proba,baseline_pred,mi_adaptive_proba,mi_adaptive_pred,label_aware_proba,label_aware_pred
59314,1,0.43673089783281643,0,0.40706450754975,0,0.4490422126454921,0,0.445007,0,0.2683965973245317,0,0.339054834607032,0,0.2685627740228196,0
2907,1,0.7038568441133105,1,0.7354646443853217,1,0.8184019260584394,1,0.792995,1,0.7219438474742722,1,0.8749006957363522,1,0.3948038009041295,0
4610,0,0.0722116186565652,0,0.05957009869276922,0,0.13955758490010897,0,0.085261665,0,0.2622204547785944,0,0.353947327852223,0,0.5,1
29612,0,0.35767413791898184,0,0.3365439781644428,0,0.316818665526902,0,0.2922111,0,0.3366652050564496,0,0.3427093237404032,0,0.2590385893626411,0
81192,1,0.8502933090678185,1,0.8763317961616716,1,0.8489716277928124,1,0.8976141,1,0.8225102803911015,1,0.729786267696047,1,0.7162810662711496,1
17985,0,0.6698797685600966,1,0.7733024720257188,1,0.7342445362760259,1,0.82028383,1,0.5433209271703485,1,0.3582338278228338,0,0.624405531504066,1
7821,0,0.19390085852687472,0,0.14729859342584642,0,0.16693587143239103,0,0.11324194,0,0.2494979020956509,0,0.2738035241526619,0,0.2769834159973456,0
9964,0,0.292744720157904,0,0.2672627628780727,0,0.21599016201012308,0,0.18914193,0,0.2522267690736079,0,0.2208009102929149,0,0.2492903829676414,0
72335,0,0.25316255917041497,0,0.25544830657688194,0,0.22349618473529068,0,0.2204615,0,0.3382831936210602,0,0.279463369646818,0,0.2830115891538771,0
96882,0,0.3121321851047083,0,0.2620140020054491,0,0.31655347367115916,0,0.20943849,0,0.3082444462292398,0,0.297178749087132,0,0.2969336905425265,0
70742,0,0.42984133432437244,0,0.3786777521068941,0,0.43020050803802473,0,0.47160596,0,0.3407543304743681,0,0.2865908162892622,0,0.368877258324454,0
62486,1,0.6495196768864959,1,0.7132371789060096,1,0.7922262912127467,1,0.81524646,1,0.7461212536575418,1,0.7010135890684046,1,0.7997388090834974,1
63328,0,0.21113246220163506,0,0.16334816124472043,0,0.25534135003229635,0,0.18279254,0,0.2115640846891024,0,0.3204819782994237,0,0.2825363541510745,0
55055,0,0.20415368373706483,0,0.2449101617808801,0,0.2408602897163981,0,0.20958842,0,0.2638234611312536,0,0.3453122480513962,0,0.6962164838122358,1
85649,1,0.37292367341599864,0,0.3098095183672263,0,0.3164964908901266,0,0.32165343,0,0.2774785970569321,0,0.2668179583873178,0,0.2952795051285455,0
62967,0,0.34616185235726016,0,0.5239748594580247,1,0.3864164704157904,0,0.28337327,0,0.5215575503052836,1,0.3951665829097212,0,0.2828738124769945,0
39789,1,0.8366769747635044,1,0.8377025843172197,1,0.7715312552518495,1,0.75983596,1,0.7192385833344149,1,0.799627573627797,1,0.7927090736442374,1
13223,1,0.7862897380718953,1,0.8224991578044014,1,0.6998182569207895,1,0.77926785,1,0.795731817794146,1,0.7094384592891683,1,0.6623661976056281,1
63582,1,0.5629887793108868,1,0.6746906882617548,1,0.6144194297469534,1,0.6432231,1,0.6559557234135026,1,0.7311396265249731,1,0.3881122742597737,0
51533,1,0.32375273144619127,0,0.293451949654009,0,0.2749831850571678,0,0.26091757,0,0.190056267891395,0,0.2293692456469032,0,0.3577583386558822,0
78234,0,0.3572198502845436,0,0.31802791275681436,0,0.3111185566676121,0,0.3111003,0,0.2835539363147016,0,0.3167816855852726,0,0.3026873849841515,0
39340,0,0.3396535065094479,0,0.2889391645035648,0,0.25330057370143266,0,0.22779205,0,0.2784294377158934,0,0.2763948458394511,0,0.2728030668837075,0
85132,0,0.36002928678581597,0,0.3091500119916878,0,0.2656122577802513,0,0.2611122,0,0.2926380730051955,0,0.304553890106062,0,0.3075191923009114,0
79,1,0.9742842786339057,1,0.8596334379907962,1,0.8357391939809905,1,0.8448818,1,0.6462316203955195,1,0.5808023131332339,1,0.6106949962734659,1
64428,0,0.34101453967794376,0,0.3010622325966992,0,0.2797210788927244,0,0.2845172,0,0.2887742522844266,0,0.2603130170960607,0,0.3096152760813706,0
98672,1,0.6665209205679893,1,0.6942955804636775,1,0.6234498658480192,1,0.65931064,1,0.5906809875454124,1,0.6922731711578749,1,0.3646743387123197,0
48567,0,0.2044282650133377,0,0.2305226638998937,0,0.22208244905556873,0,0.15590811,0,0.3868192916829503,0,0.5454836539084927,1,0.3052117693703182,0
81653,1,0.7087341414848164,1,0.6609829101385428,1,0.6303877899030706,1,0.6532144,1,0.782728571083281,1,0.6759732571266663,1,0.7376566264651385,1
70507,0,0.20458115002286262,0,0.20265875911833148,0,0.28720840873371645,0,0.23090719,0,0.2940315475053694,0,0.2647600887320963,0,0.292361548682313,0
47524,1,0.6945338673567603,1,0.5888609533150485,1,0.5662574022126065,1,0.5157738,1,0.8220322234142535,1,0.7780818488762917,1,0.6833304444999152,1
93929,0,0.40811325859615766,0,0.3576967234808758,0,0.38935034985640354,0,0.37856027,0,0.2953680408829752,0,0.2711549833634514,0,0.2988335811370325,0
67243,0,0.2938567929261151,0,0.28068186052409666,0,0.2292096023219029,0,0.2021847,0,0.2375024074101787,0,0.2826980760655722,0,0.2480608940436234,0
11935,1,0.35437772299068787,0,0.4124936137016946,0,0.4199936161146333,0,0.41101468,0,0.3058483404295275,0,0.3658129267198345,0,0.2474670505818844,0
11606,0,0.46494161872609463,0,0.48833777307610016,0,0.3638610390908792,0,0.37563518,0,0.7157469411157248,1,0.811733689386325,1,0.5611827336664761,1
74218,1,0.9658630712720678,1,0.8849770337720878,1,0.8109964897893346,1,0.8245496,1,0.6265767476606056,1,0.5077295263265922,1,0.5493258310298472,1
98248,1,0.850363067639937,1,0.8806804881209845,1,0.8082230694351829,1,0.8810512,1,0.823111980105599,1,0.8097891125572872,1,0.7841752153024082,1
84314,0,0.4641438667441002,0,0.39186186931867617,0,0.44763407982122916,0,0.47876891,0,0.3278564306315676,0,0.3045533826182971,0,0.3456644621650557,0
31330,0,0.5081508091400595,1,0.5337306228219995,1,0.4021290549355037,0,0.4452412,0,0.2245277904138533,0,0.3920741828534246,0,0.5245682532100552,1
2893,1,0.568735233176296,1,0.6605490129409153,1,0.7025970225338753,1,0.7862485,1,0.771752681689563,1,0.6340470633882812,1,0.6644505699599799,1
32736,1,0.864859409590562,1,0.7091825276152633,1,0.8308946827685917,1,0.77823126,1,0.3146571585351102,0,0.374102272353791,0,0.481172138335939,0
7604,1,0.5390038325809813,1,0.6275341886226276,1,0.4347229045530849,0,0.37182578,0,0.7621747032699604,1,0.6339072503524041,1,0.3636725012846475,0
6066,0,0.752803770999597,1,0.732651655368882,1,0.808260005815389,1,0.8201094,1,0.8332200461543904,1,0.7039189643997099,1,0.7836604447056649,1
55289,0,0.2596591313361483,0,0.23839766148230163,0,0.3457800908272924,0,0.2869141,0,0.3400936512232986,0,0.2737950738986857,0,0.3968272246737888,0
90787,1,0.5607427776089452,1,0.5448728010366439,1,0.5161133091339523,1,0.51368964,1,0.5,1,0.4896740535265496,0,0.4413829159270728,0
66264,1,0.3510006348178402,0,0.28186606916893825,0,0.3764934121425124,0,0.39700487,0,0.252519774766772,0,0.2981443869143649,0,0.3829704710034119,0
70083,1,0.8110267023531821,1,0.8862700824465352,1,0.818342594442704,1,0.8676605,1,0.770075319613041,1,0.831363551609371,1,0.8281286106653447,1
16284,0,0.13800575070852178,0,0.10820452823589566,0,0.15134243220821436,0,0.08845909,0,0.208165045069402,0,0.2470506008486979,0,0.3074969057286703,0
38289,1,0.9301170823508371,1,0.8505575299507185,1,0.8297396550767526,1,0.86870617,1,0.4792018777044727,0,0.4832013168885986,0,0.5,1
76890,0,0.2230677371347958,0,0.15547437076353696,0,0.24052292886348497,0,0.17944665,0,0.2491200975039004,0,0.2653248608564327,0,0.2967466403531842,0
26273,1,0.7540445529521973,1,0.8403616111367886,1,0.8490078553496904,1,0.8954973,1,0.8670245763912404,1,0.653504109275472,1,0.7860589924825886,1
17083,0,0.5398413385204657,1,0.5460811425464316,1,0.4766151419477459,0,0.5148792,1,0.4148729273768547,0,0.4043349119610054,0,0.5178755928084582,1
63069,0,0.7301898083259977,1,0.7499348182851284,1,0.7154151546354969,1,0.7413139,1,0.8624294568983232,1,0.8064213622665288,1,0.735495226504336,1
94338,0,0.23132150963369227,0,0.2593155844337531,0,0.23415758526126831,0,0.21079811,0,0.2994285259688142,0,0.2553843040842383,0,0.2756310202940725,0
10752,1,0.48932528869637315,0,0.42759587160660606,0,0.4510547570717271,0,0.4598183,0,0.397327615330819,0,0.3550881555357375,0,0.3807744441845715,0
67160,0,0.2210127256602614,0,0.19247922636528966,0,0.23107354272275682,0,0.19683741,0,0.2818968184992081,0,0.3372795928830995,0,0.3099747365568078,0
43939,0,0.18482113017072355,0,0.14404020646116894,0,0.21599660302807497,0,0.193278,0,0.2763097893970313,0,0.2761972203790491,0,0.3109183914505821,0
54962,0,0.37492731423500436,0,0.3281699691180663,0,0.327435028146512,0,0.31530482,0,0.2879836325452908,0,0.3143851557346593,0,0.3030634925955001,0
24267,1,0.718597401081224,1,0.7596979825450781,1,0.7339842206751879,1,0.76739943,1,0.8037335255714301,1,0.7713142879429771,1,0.663939480924442,1
19509,0,0.7276245212391996,1,0.7875613687420985,1,0.8010612363183587,1,0.810915,1,0.7213749732381916,1,0.8456310154441153,1,0.7277591095961681,1
32311,1,0.5839112466331811,1,0.5610321832902602,1,0.6009936072067387,1,0.5858717,1,0.7188605717364949,1,0.7380349384726409,1,0.6743898777767794,1
66277,1,0.8879679559343436,1,0.8976717637178351,1,0.8138650423790676,1,0.8581534,1,0.7628768177297132,1,0.8135300374547334,1,0.7361966634563684,1
88408,1,0.7576704520718325,1,0.7663282646210202,1,0.7973489399976293,1,0.81279206,1,0.6405156272351534,1,0.8278264369573048,1,0.7439031354106064,1
4650,0,0.12756326327154774,0,0.11248621804539316,0,0.17024772126016027,0,0.123960815,0,0.2306026614245818,0,0.247241861333878,0,0.3436797018364839,0
80265,1,0.30393534569297986,0,0.2690645665307628,0,0.27306609630039547,0,0.24230167,0,0.2827354787834147,0,0.3160024658539998,0,0.2915455078516676,0
96460,1,0.6255550958683783,1,0.5485388830352241,1,0.482948826416485,0,0.5053227,1,0.7228822264847742,1,0.4434760286059871,0,0.668832373798722,1
56985,0,0.10705805065538421,0,0.12353123005221545,0,0.36845446667799503,0,0.26934946,0,0.895828723330862,1,0.8124710079005146,1,0.3841856064565143,0
92494,1,0.33834775141448536,0,0.3806585830016391,0,0.34084510492959313,0,0.3175964,0,0.4000175185178521,0,0.6926184451243118,1,0.4601799845289015,0
3244,0,0.2173478436943837,0,0.2487716277440769,0,0.2002484873665206,0,0.13837978,0,0.2220401283367185,0,0.1787139978485167,0,0.2222473863378437,0
77022,1,0.24503701026989153,0,0.1837078964886246,0,0.2769277590671595,0,0.24051458,0,0.2826573176941302,0,0.3355060717718937,0,0.3592219509096052,0
23418,1,0.786561464623186,1,0.8027723975219258,1,0.7282808996823555,1,0.7768241,1,0.7404189070496511,1,0.7785016364973618,1,0.7670711500524843,1
98565,0,0.347644732966473,0,0.29877288912102057,0,0.2658618757250103,0,0.25123528,0,0.2699624887267208,0,0.2850235789015114,0,0.2778841621586325,0
55204,0,0.23498395500533145,0,0.4024356441695142,0,0.39051160317586886,0,0.37554544,0,0.469264193466226,0,0.4262287303266258,0,0.2790019744108107,0
77177,1,0.7773812322861773,1,0.7346133293960052,1,0.6599686561590608,1,0.73799056,1,0.7989588950079459,1,0.8946059073774221,1,0.7365174185422569,1
73858,1,0.748662324186322,1,0.7422574708775467,1,0.7218300920077546,1,0.73017955,1,0.8029248766689278,1,0.7663265559257587,1,0.7577711292180515,1
29105,0,0.29716295967125944,0,0.27043031069892565,0,0.23144463803134788,0,0.22065799,0,0.285885059790999,0,0.2876542961141511,0,0.2964724717091112,0
50067,1,0.7257929396551628,1,0.7345188391729379,1,0.7902027060969992,1,0.79914826,1,0.7270269778430986,1,0.6005154021572144,1,0.5324179290893225,1
22254,1,0.4276339093776852,0,0.5755521026059013,1,0.652457944523278,1,0.7125358,1,0.1986180263748051,0,0.5749572147581163,1,0.6111670974147071,1
32591,0,0.20982861960871588,0,0.20803475267689964,0,0.20633703377270615,0,0.1643873,0,0.2732278107741459,0,0.2819703163188208,0,0.2968755268116489,0
67875,1,0.7685676444490036,1,0.8012724001640662,1,0.7011862134165862,1,0.68199545,1,0.8233200802688847,1,0.7346525551385574,1,0.7732899899568844,1
38034,0,0.5393615395445688,1,0.5087001598616884,1,0.48975390836708027,0,0.54213595,1,0.5265674849164992,1,0.5256129422659163,1,0.5460255510842149,1
23298,0,0.3825233479962571,0,0.3115448782735106,0,0.31889861985490836,0,0.32531837,0,0.2768963156709516,0,0.2819559117354884,0,0.2863282498330112,0
59395,0,0.49587647692574854,0,0.46218982104260614,0,0.4691364680884797,0,0.5125617,1,0.4537740927437434,0,0.4317254464715814,0,0.2668643674191709,0
68464,0,0.4610520889970623,0,0.36605301572534626,0,0.39805362580973846,0,0.40654874,0,0.3956485239142195,0,0.3009711396721116,0,0.4800807892693596,0
63289,0,0.26674505042980345,0,0.3507446766629856,0,0.3739644633065175,0,0.26322117,0,0.5200522591397797,1,0.555603364918117,1,0.5986536936867297,1
68947,0,0.22406001766638264,0,0.27260796960659917,0,0.21812890100951582,0,0.16997841,0,0.2040047169944689,0,0.1336919496856891,0,0.4202633356115096,0
72865,0,0.4447449923578717,0,0.39486041635753066,0,0.4484038849235199,0,0.48236772,0,0.3735457675491266,0,0.3215608323518378,0,0.4026682188017036,0
63952,0,0.05662412556254943,0,0.05880989011949241,0,0.14243746510437102,0,0.0672781,0,0.3561202800651255,0,0.1777908493387335,0,0.3567662451798945,0
45932,0,0.6086130695723226,1,0.720265407457436,1,0.6329779617720052,1,0.6491737,1,0.7819106323832803,1,0.7640163252991949,1,0.7905349467638639,1
82665,0,0.3641309500820995,0,0.45720722254429375,0,0.5034579023956467,1,0.375158,0,0.7761939589983279,1,0.7339786346504372,1,0.6890215891096599,1
49862,0,0.6366123991237952,1,0.702142419197288,1,0.8301443199814227,1,0.8618199,1,0.5514327950834089,1,0.7965436792427998,1,0.5350739083197097,1
39527,0,0.22078504799038534,0,0.24775096699553711,0,0.228603012622618,0,0.20250852,0,0.2806578530976694,0,0.3032533157769695,0,0.2956282437227925,0
92202,0,0.732815982073971,1,0.7321891626107434,1,0.8153245514890066,1,0.84618145,1,0.7560804029015307,1,0.8245044063390164,1,0.7468523898479024,1
92316,1,0.9118647307770251,1,0.7781349192148301,1,0.8129636502998472,1,0.87715125,1,0.4433881904795397,0,0.746737361981553,1,0.7131722763046114,1
47170,0,0.47912360916202107,0,0.47387108184092086,0,0.4624394227407867,0,0.4431619,0,0.4209468478031634,0,0.5723515636735436,1,0.5112959309191043,1
16232,0,0.7175534667331478,1,0.7344553345576478,1,0.8320432614994729,1,0.8489824,1,0.7953654697192766,1,0.7741713559526657,1,0.7398262468133261,1
60092,1,0.285893136720435,0,0.2716172241574237,0,0.24689755066739696,0,0.2301857,0,0.3092610604674168,0,0.2764282027686299,0,0.3069023281180487,0
18769,0,0.07085810085486717,0,0.08152626119533696,0,0.2166087269577836,0,0.14750388,0,0.5411801741612079,1,0.4480244384174802,0,0.3381780680166151,0
80115,1,0.8001416303270725,1,0.8141690383728403,1,0.7453700907596401,1,0.82012486,1,0.7290693331758894,1,0.7647334123724474,1,0.761957764069575,1
98701,1,0.5556778716924667,1,0.5655287065700048,1,0.5810572198055358,1,0.5348776,1,0.743082202128277,1,0.767667623044852,1,0.7969214662327291,1
83965,0,0.35926716133306974,0,0.33728009200609876,0,0.36551409381597855,0,0.3305208,0,0.2511109342621428,0,0.2905966089540247,0,0.311617970188266,0
53984,0,0.3546108483960376,0,0.3460797561373301,0,0.3707626108008631,0,0.32429796,0,0.2724990723386123,0,0.2888351330464548,0,0.3041253527500481,0
2071,1,0.519473226647124,1,0.586812154273933,1,0.5507888305843319,1,0.5932806,1,0.2532946799522333,0,0.6367974438677804,1,0.2892761680172391,0
93470,1,0.6552425932987265,1,0.7170152372322834,1,0.8288747884408221,1,0.8640329,1,0.602078726722708,1,0.7904761722379086,1,0.5475398439921426,1
58536,1,0.9012509993224633,1,0.8865066840395731,1,0.7804137321437097,1,0.8400931,1,0.578414548995841,1,0.7588952233513185,1,0.8155954591260896,1
5760,1,0.27108697107570634,0,0.25835320080030016,0,0.24937533571696469,0,0.24117465,0,0.2171413882076909,0,0.2277409715237843,0,0.3040098931311426,0
46412,1,0.7819414226992962,1,0.8383706965447435,1,0.8596755921741578,1,0.8811778,1,0.7163538068308175,1,0.8068912472252171,1,0.6460216634932602,1
59113,1,0.6166673591120337,1,0.6498089406838733,1,0.5995589176673333,1,0.6197783,1,0.5303797194688105,1,0.6750892956516554,1,0.3449980844243682,0
79720,0,0.12791329131285073,0,0.1106389921455586,0,0.15694962080652491,0,0.092672735,0,0.2432956464563985,0,0.1740514594193777,0,0.2767566916172197,0
68162,1,0.3963763788142142,0,0.46655955491959183,0,0.34438014079337637,0,0.3293619,0,0.3856978564195514,0,0.3182301220763345,0,0.6799458711885533,1
17714,0,0.3477886156514437,0,0.2177774727288473,0,0.45578371839415655,0,0.4021139,0,0.2804708332326796,0,0.3535348357713495,0,0.3379136267857183,0
5486,1,0.5439363124287008,1,0.4728518943463527,0,0.5618033327481643,1,0.575055,1,0.648131384114036,1,0.662625332662045,1,0.5980964820631021,1
69004,0,0.23921155435255037,0,0.26474991725739616,0,0.22907370190250234,0,0.15692663,0,0.331579545559203,0,0.2130755484279897,0,0.3354095744673452,0
70910,1,0.7340041381272628,1,0.7351597227303981,1,0.7928972740261809,1,0.80632347,1,0.7642792224780722,1,0.699846149993962,1,0.6434274559871102,1
58965,1,0.8588622588078818,1,0.9038559057451798,1,0.8417164668107768,1,0.88100344,1,0.7541649625743654,1,0.7162058463058817,1,0.8044575395644317,1
24268,0,0.22143614278943405,0,0.24578220081282365,0,0.22354756878458357,0,0.19144928,0,0.2676692038621969,0,0.2773749067799899,0,0.2835022326495318,0
68296,0,0.4288400446080577,0,0.4522674735621723,0,0.34724294685317586,0,0.31429958,0,0.5585001267216946,1,0.572840764905197,1,0.663476999109258,1
23049,0,0.15673759754220193,0,0.11742175059979551,0,0.17094465328824288,0,0.11286235,0,0.2712549901894488,0,0.240945935548447,0,0.2930194797359904,0
13758,1,0.7797555572486885,1,0.8373373877789707,1,0.8496089200669764,1,0.89373773,1,0.8798581205008525,1,0.7783391053773194,1,0.6961790214790144,1
45308,0,0.15774995119447094,0,0.14047899756787477,0,0.25566128989462983,0,0.20527671,0,0.2765472224478499,0,0.2095167357468456,0,0.3041618236158501,0
66431,0,0.43866088283494836,0,0.5647618387315219,1,0.44431720862755025,0,0.4491877,0,0.6115942935457244,1,0.2807470712796224,0,0.685428968269614,1
92859,0,0.13000811954811986,0,0.14335979968054544,0,0.21909593749622086,0,0.13777076,0,0.2531556475714974,0,0.6065336630458074,1,0.7891070401034257,1
41048,1,0.3902942297793939,0,0.5478112900109323,1,0.5597347702383565,1,0.5324542,1,0.6485710746857973,1,0.6640175804095001,1,0.6892190728911465,1
40676,1,0.4227768388841713,0,0.37456590631730446,0,0.4033136034540437,0,0.39301574,0,0.3323810165454532,0,0.2785270979758601,0,0.347584061517401,0
73214,1,0.8022361253774835,1,0.8167160880269086,1,0.8293138727224325,1,0.8520574,1,0.7328003788836626,1,0.7606015357101851,1,0.7885490487417389,1
10395,1,0.7260463856879971,1,0.7513056708555556,1,0.7394744245291495,1,0.793297,1,0.7461255270696786,1,0.7325638588586658,1,0.7121689800018798,1
49308,0,0.45600211344130587,0,0.684788852173363,1,0.548960981722105,1,0.590837,1,0.7665171423444176,1,0.4685828432740808,0,0.3559900125820033,0
24473,1,0.9367956062622287,1,0.8522754909195656,1,0.7519541689599116,1,0.7954775,1,0.5614752115243278,1,0.7112834478240168,1,0.4646140872117975,0
84780,0,0.5069538694738774,1,0.4759825839797305,0,0.49281952821820957,0,0.4440445,0,0.6232707427972677,1,0.4038760570035069,0,0.759601882046589,1
63440,1,0.14068368394871886,0,0.10898831941417264,0,0.15540279041642946,0,0.08811667,0,0.211880622429794,0,0.2881830091305272,0,0.2949383376305542,0
48537,0,0.5654532193287201,1,0.7704121893852245,1,0.64107228988025,1,0.75046927,1,0.694281262867471,1,0.6891249849293348,1,0.6902472997221638,1
92425,0,0.2547193130358131,0,0.27772704130649994,0,0.282984821123492,0,0.2974786,0,0.263722023972291,0,0.2885638802598496,0,0.320514258259001,0
69768,1,0.3190651609312913,0,0.2842007001867478,0,0.24511827851841858,0,0.21399899,0,0.2808373829600391,0,0.2782497028690624,0,0.2737420844370442,0
24825,0,0.2621624029584132,0,0.25051693556853033,0,0.24084831877402066,0,0.18345402,0,0.2806991294549161,0,0.2456846757303131,0,0.2561172302920619,0
20754,0,0.32166196484157616,0,0.28640155589256144,0,0.25907563721918886,0,0.22715779,0,0.2610657294773784,0,0.2805404484479714,0,0.3035468476250513,0
98397,1,0.8102269243853227,1,0.8041372352527726,1,0.794113464385436,1,0.741714,1,0.6427436175675366,1,0.7109714330036513,1,0.4864490371016181,0
95061,1,0.3436563681043837,0,0.3487572667295437,0,0.4738581771150832,0,0.50662,1,0.6179770348007549,1,0.5,1,0.637910209271506,1
59490,1,0.7324951866632099,1,0.7697736286299587,1,0.8465382338584123,1,0.8929919,1,0.8243606057505617,1,0.7483651126079028,1,0.788840583452353,1
98398,1,0.614341668207173,1,0.8246060986040893,1,0.8139843661343027,1,0.8561451,1,0.8202082758124044,1,0.7861363356828547,1,0.7497829508490749,1
33298,0,0.6589909756292215,1,0.7244626907788954,1,0.6088833151462371,1,0.6288652,1,0.7682707166504958,1,0.7589239270038363,1,0.7912911249222081,1
14622,0,0.1771357290940261,0,0.26116863869814266,0,0.22045203829756915,0,0.16272613,0,0.313444794333424,0,0.5761324090525954,1,0.5389439842552869,1
49961,0,0.772710647436972,1,0.8236224439900471,1,0.8433844651502332,1,0.8999195,1,0.8261250560752132,1,0.8327494950754447,1,0.7015863449947298,1
34285,1,0.8559215679455212,1,0.8280305552204174,1,0.7421630258224378,1,0.71390086,1,0.7101007147151324,1,0.7248471428304772,1,0.7439441619952091,1
7392,0,0.3866207580759552,0,0.4383919807357928,0,0.44729072174868834,0,0.40101415,0,0.5,1,0.8217633353845386,1,0.4939025565089469,0
49463,0,0.49499952741517467,0,0.484046312730098,0,0.4737195650140498,0,0.42429382,0,0.4801448440293697,0,0.5998060108606725,1,0.447661640676102,0
21332,1,0.8694083241911389,1,0.8167500496250001,1,0.8320464577971374,1,0.854789,1,0.6600338650735001,1,0.8010296531239757,1,0.7571494475704204,1
84828,1,0.7108204757784146,1,0.9069693646940153,1,0.8482284532794819,1,0.9157875,1,0.7478851362318354,1,0.7852962385443846,1,0.6466652926788121,1
89760,1,0.5776824270303234,1,0.571579092148181,1,0.5222993788747687,1,0.5477483,1,0.5135645731008943,1,0.4422082918037479,0,0.4364573613448801,0
56367,1,0.7379095738539683,1,0.8690212194414907,1,0.8235567818017254,1,0.8808816,1,0.8009804930831648,1,0.7449736039904004,1,0.7319310918629338,1
71488,1,0.39225315965077057,0,0.37287185804541456,0,0.4017479116659897,0,0.4068346,0,0.2610712033115684,0,0.283290764662556,0,0.3624217242769091,0
41270,0,0.27168036259044,0,0.2555913522238399,0,0.217262707711557,0,0.20528786,0,0.2563134252751093,0,0.2663216232764322,0,0.3325415610879381,0
24225,1,0.632936400261606,1,0.6648742491745143,1,0.5519611591293387,1,0.58704346,1,0.8051149107443596,1,0.7219498576476558,1,0.3981733694296258,0
38582,0,0.22758686636015316,0,0.16578512791075184,0,0.36853870292002583,0,0.35490468,0,0.2734173134318171,0,0.6583352373516138,1,0.4109028009462839,0
43555,0,0.22340317992396735,0,0.24669201527597098,0,0.2242045522605918,0,0.18359202,0,0.2193369433247592,0,0.2141004079794718,0,0.3403017327694583,0
75060,1,0.7547326770570649,1,0.7634741013669091,1,0.8164606432165297,1,0.82658964,1,0.7921158225283181,1,0.7213421422725196,1,0.8213193526223227,1
35196,1,0.9116203788851431,1,0.7867635389405738,1,0.8119192981040605,1,0.84264886,1,0.6614846154084904,1,0.6606500380171164,1,0.4615370297285359,0
98703,0,0.2836560402559601,0,0.2712172477342003,0,0.24225984073142476,0,0.16932897,0,0.328730317933862,0,0.305642664560279,0,0.3548237342151891,0
17896,0,0.2093164426293378,0,0.17356797133363996,0,0.25691589475498317,0,0.20075625,0,0.2830770791673093,0,0.2621351115073451,0,0.4025855864228451,0
40884,0,0.13125163873478746,0,0.10800489141846539,0,0.22711609986857487,0,0.17476092,0,0.3894315012836778,0,0.2844213041857357,0,0.3717006046687572,0
56870,0,0.4468732108501476,0,0.3868296457162606,0,0.4440140219000327,0,0.46384475,0,0.330445238341102,0,0.3049102555340756,0,0.3926339088692621,0
37873,0,0.03499222698635579,0,0.032408068099678854,0,0.14804669385454783,0,0.10977968,0,0.2174500906463719,0,0.3678329049871747,0,0.4523283129348088,0
85095,1,0.8832948207082016,1,0.7929681562014337,1,0.7035632455864651,1,0.68385434,1,0.7237336699345059,1,0.7258395004172676,1,0.5078332200803024,1
19380,1,0.4991373060458878,0,0.31375892202522115,0,0.533192317927657,1,0.51636016,1,0.587078311512857,1,0.4378878388140587,0,0.7295934845050736,1
17710,1,0.783108296842664,1,0.7767674600687187,1,0.802061424095902,1,0.82171756,1,0.7631056324485688,1,0.6298897717083954,1,0.7469193181257708,1
82101,0,0.7329085195556649,1,0.7163645463526216,1,0.8096167546810906,1,0.8118279,1,0.7609669447073936,1,0.6068669955996807,1,0.7923986169035325,1
22580,1,0.5210999850366768,1,0.5,1,0.47252129403905,0,0.51058614,1,0.5366542700167928,1,0.6449914009334822,1,0.5364395014531536,1
99109,1,0.7547901693197759,1,0.8385201602338807,1,0.7580512679847008,1,0.83748525,1,0.7401945776833141,1,0.8626990001991793,1,0.8778832852044024,1
21169,1,0.46305540194653094,0,0.41650967136775213,0,0.44511560555562,0,0.47118556,0,0.3487764647021237,0,0.3113107120805095,0,0.3463393488299726,0
50538,0,0.3993338550536687,0,0.43480824866256595,0,0.3695505898857445,0,0.29797852,0,0.7351016439833756,1,0.384952310921929,0,0.493868299083686,0
17917,0,0.2321713639948751,0,0.25698674705834595,0,0.22241572023545572,0,0.1724759,0,0.2801530439722987,0,0.2645275235764951,0,0.2637160844711372,0
93046,0,0.12732809973588682,0,0.12915217005807114,0,0.2453770136677495,0,0.18186061,0,0.5660179037926567,1,0.4931298338490544,0,0.6265817181304362,1
63907,0,0.3979657557339586,0,0.32760329336484645,0,0.32889656070692425,0,0.32779753,0,0.2764082917177855,0,0.2821396824096529,0,0.3049511328778649,0
49763,1,0.7717933322163046,1,0.8241525001219833,1,0.7187481138569978,1,0.830793,1,0.8808302262343286,1,0.7777551779953013,1,0.7242993974077255,1
35362,1,0.6166279901802075,1,0.6188326610212547,1,0.642935022806682,1,0.6070299,1,0.2895373518847766,0,0.8043863887611441,1,0.4365749875400249,0
28031,1,0.31821258986047446,0,0.38872953261470233,0,0.3793855158286796,0,0.33521864,0,0.7262987222238785,1,0.6802368357718012,1,0.8344286632011284,1
36504,1,0.35113760646085945,0,0.3866413871275754,0,0.4872055554271617,0,0.5230799,1,0.725961937078244,1,0.7377446577408534,1,0.5,1
82253,1,0.3702061175165207,0,0.3461401571846237,0,0.3417238532812956,0,0.33060682,0,0.2584891874031514,0,0.3384186894213031,0,0.3852181244575359,0
20441,1,0.5143602391106735,1,0.44156736097586513,0,0.47508537598681577,0,0.51865274,1,0.4350243654414172,0,0.2726887033703323,0,0.6862790094760056,1
91486,1,0.5230202500713551,1,0.6365019167210484,1,0.48211557456943877,0,0.44486532,0,0.4857951758529232,0,0.4772330825904317,0,0.5164016804785003,1
68304,0,0.045430008198346375,0,0.03714100203691723,0,0.1386830500087894,0,0.098469324,0,0.3578083946876179,0,0.2157293373384983,0,0.3168087457429556,0
3616,0,0.3920393884002353,0,0.3952300498435436,0,0.41156088474908986,0,0.4168096,0,0.5855007644960636,1,0.427074946029729,0,0.581151298779722,1
81823,1,0.7484766621756603,1,0.7160482683992364,1,0.8174626041243216,1,0.79948246,1,0.8328898763297429,1,0.8007503942823887,1,0.7582441559776024,1
26581,1,0.5274601888827942,1,0.5443742544980869,1,0.49167872505979954,0,0.5364448,1,0.5600026570866256,1,0.6653983965347725,1,0.3787146779752632,0
55372,0,0.5085566060536736,1,0.6069129764875177,1,0.4755537368817482,0,0.46234295,0,0.7162787836099135,1,0.5059356580270775,1,0.494794067506497,0
24358,1,0.7503015867538497,1,0.7957389270081219,1,0.8478841229159958,1,0.82813007,1,0.7439732328812553,1,0.7396930918936807,1,0.6896432426290601,1
99384,1,0.6567881034828295,1,0.6768323873078175,1,0.5896733210313936,1,0.68521315,1,0.8211067665953976,1,0.7333563385371334,1,0.6552830173728671,1
49643,0,0.28751240609966977,0,0.32207824012078884,0,0.34034104110453983,0,0.28214452,0,0.3693700226009547,0,0.399805130014947,0,0.3222628801877851,0
18661,0,0.4392363488292724,0,0.35451504588616856,0,0.3968320812814175,0,0.39267525,0,0.3066904156415004,0,0.29214845835308,0,0.2615945954063738,0
2385,0,0.394213560080529,0,0.44337795379769473,0,0.47254450628883177,0,0.43280047,0,0.6868694788075747,1,0.7239936959441432,1,0.6256400542863817,1
71894,1,0.5963370104145013,1,0.6950320913165036,1,0.8280134919078705,1,0.84485537,1,0.774136728670924,1,0.7777831185289793,1,0.7677415897637047,1
96098,1,0.6159228641935173,1,0.7360830710125693,1,0.6176160198615549,1,0.6089144,1,0.3317168769791055,0,0.7660342371925137,1,0.5504760437254047,1
47425,1,0.8744300279860454,1,0.8535104991205522,1,0.8332301390928836,1,0.8879806,1,0.5507358516765455,1,0.685072255414043,1,0.8626279282769218,1
4622,1,0.9194404651077086,1,0.9043074819831822,1,0.8418958037331279,1,0.8666148,1,0.7295281699325783,1,0.8335504824189169,1,0.7719717926359683,1
17483,0,0.23024599259262407,0,0.26040033831011167,0,0.27532352926712533,0,0.25362945,0,0.2949372472240664,0,0.2987298210579421,0,0.2349867926442738,0
81407,0,0.32790212248653494,0,0.31195235872314375,0,0.2347701368811551,0,0.2216117,0,0.2517735852576765,0,0.2227547983184249,0,0.2841055991567831,0
19229,1,0.9279730986330391,1,0.899333116899434,1,0.8488415914579708,1,0.88074,1,0.6778764098129969,1,0.762450481692387,1,0.7423839860941577,1
81705,1,0.6620886448916568,1,0.6280991853209739,1,0.6079622795840754,1,0.65478975,1,0.7518826399988353,1,0.759168890417349,1,0.7092594864700252,1
25707,0,0.575104115691381,1,0.6353903514533465,1,0.614572424450126,1,0.627323,1,0.7444082337038438,1,0.7914509666899319,1,0.7372881978681654,1
59355,0,0.8919204670666692,1,0.9030627270186825,1,0.7730667585202243,1,0.822135,1,0.7378629026350493,1,0.8282686093465251,1,0.7076191029214026,1
58666,1,0.8160368510144846,1,0.7893974571317183,1,0.8112570587209085,1,0.82000995,1,0.7568728249394984,1,0.6764551730801296,1,0.7019377914915768,1
30137,1,0.49169404936844213,0,0.4620756791094884,0,0.455697117304439,0,0.4647964,0,0.3676046679710723,0,0.3598494341658222,0,0.366821364189808,0
