id,y_true,baseline_proba,baseline_pred,mi_adaptive_proba,mi_adaptive_pred,label_aware_proba,label_aware_pred
59314,1,0.2683965973245317,0,0.339054834607032,0,0.26856277402281964,0
2907,1,0.7219438474742722,1,0.8749006957363522,1,0.39480380090412953,0
4610,0,0.2622204547785944,0,0.353947327852223,0,0.5,1
29612,0,0.3366652050564496,0,0.3427093237404032,0,0.2590385893626411,0
81192,1,0.8225102803911015,1,0.729786267696047,1,0.7162810662711496,1
17985,0,0.5433209271703485,1,0.3582338278228338,0,0.624405531504066,1
7821,0,0.24949790209565095,0,0.2738035241526619,0,0.27698341599734566,0
9964,0,0.25222676907360797,0,0.22080091029291496,0,0.24929038296764142,0
72335,0,0.33828319362106024,0,0.27946336964681806,0,0.2830115891538771,0
96882,0,0.3082444462292398,0,0.297178749087132,0,0.2969336905425265,0
70742,0,0.3407543304743681,0,0.2865908162892622,0,0.36887725832445406,0
62486,1,0.7461212536575418,1,0.7010135890684046,1,0.7997388090834974,1
63328,0,0.21156408468910248,0,0.3204819782994237,0,0.28253635415107453,0
55055,0,0.2638234611312536,0,0.3453122480513962,0,0.6962164838122358,1
85649,1,0.2774785970569321,0,0.2668179583873178,0,0.29527950512854556,0
62967,0,0.5215575503052836,1,0.3951665829097212,0,0.28287381247699456,0
39789,1,0.7192385833344149,1,0.799627573627797,1,0.7927090736442374,1
13223,1,0.795731817794146,1,0.7094384592891683,1,0.6623661976056281,1
63582,1,0.6559557234135026,1,0.7311396265249731,1,0.3881122742597737,0
51533,1,0.190056267891395,0,0.22936924564690322,0,0.35775833865588225,0
78234,0,0.28355393631470166,0,0.3167816855852726,0,0.30268738498415154,0
39340,0,0.2784294377158934,0,0.2763948458394511,0,0.27280306688370753,0
85132,0,0.2926380730051955,0,0.304553890106062,0,0.3075191923009114,0
79,1,0.6462316203955195,1,0.5808023131332339,1,0.6106949962734659,1
64428,0,0.2887742522844266,0,0.2603130170960607,0,0.3096152760813706,0
98672,1,0.5906809875454124,1,0.6922731711578749,1,0.36467433871231975,0
48567,0,0.3868192916829503,0,0.5454836539084927,1,0.30521176937031824,0
81653,1,0.782728571083281,1,0.6759732571266663,1,0.7376566264651385,1
70507,0,0.2940315475053694,0,0.2647600887320963,0,0.29236154868231307,0
47524,1,0.8220322234142535,1,0.7780818488762917,1,0.6833304444999152,1
93929,0,0.29536804088297525,0,0.27115498336345145,0,0.29883358113703257,0
67243,0,0.23750240741017875,0,0.28269807606557223,0,0.24806089404362341,0
11935,1,0.3058483404295275,0,0.3658129267198345,0,0.24746705058188442,0
11606,0,0.7157469411157248,1,0.811733689386325,1,0.5611827336664761,1
74218,1,0.6265767476606056,1,0.5077295263265922,1,0.5493258310298472,1
98248,1,0.823111980105599,1,0.8097891125572872,1,0.7841752153024082,1
84314,0,0.3278564306315676,0,0.3045533826182971,0,0.34566446216505575,0
31330,0,0.2245277904138533,0,0.39207418285342466,0,0.5245682532100552,1
2893,1,0.771752681689563,1,0.6340470633882812,1,0.6644505699599799,1
32736,1,0.3146571585351102,0,0.374102272353791,0,0.481172138335939,0
7604,1,0.7621747032699604,1,0.6339072503524041,1,0.36367250128464756,0
6066,0,0.8332200461543904,1,0.7039189643997099,1,0.7836604447056649,1
55289,0,0.34009365122329865,0,0.27379507389868574,0,0.3968272246737888,0
90787,1,0.5,1,0.48967405352654964,0,0.44138291592707285,0
66264,1,0.25251977476677206,0,0.2981443869143649,0,0.3829704710034119,0
70083,1,0.770075319613041,1,0.831363551609371,1,0.8281286106653447,1
16284,0,0.20816504506940203,0,0.24705060084869793,0,0.3074969057286703,0
38289,1,0.4792018777044727,0,0.48320131688859863,0,0.5,1
76890,0,0.2491200975039004,0,0.2653248608564327,0,0.29674664035318427,0
26273,1,0.8670245763912404,1,0.653504109275472,1,0.7860589924825886,1
17083,0,0.41487292737685477,0,0.40433491196100546,0,0.5178755928084582,1
63069,0,0.8624294568983232,1,0.8064213622665288,1,0.735495226504336,1
94338,0,0.2994285259688142,0,0.25538430408423834,0,0.2756310202940725,0
10752,1,0.397327615330819,0,0.3550881555357375,0,0.3807744441845715,0
67160,0,0.28189681849920817,0,0.33727959288309955,0,0.30997473655680785,0
43939,0,0.2763097893970313,0,0.27619722037904915,0,0.31091839145058214,0
54962,0,0.2879836325452908,0,0.3143851557346593,0,0.30306349259550014,0
24267,1,0.8037335255714301,1,0.7713142879429771,1,0.663939480924442,1
19509,0,0.7213749732381916,1,0.8456310154441153,1,0.7277591095961681,1
32311,1,0.7188605717364949,1,0.7380349384726409,1,0.6743898777767794,1
66277,1,0.7628768177297132,1,0.8135300374547334,1,0.7361966634563684,1
88408,1,0.6405156272351534,1,0.8278264369573048,1,0.7439031354106064,1
4650,0,0.23060266142458186,0,0.24724186133387804,0,0.3436797018364839,0
80265,1,0.28273547878341476,0,0.3160024658539998,0,0.29154550785166766,0
96460,1,0.7228822264847742,1,0.4434760286059871,0,0.668832373798722,1
56985,0,0.895828723330862,1,0.8124710079005146,1,0.3841856064565143,0
92494,1,0.40001751851785217,0,0.6926184451243118,1,0.4601799845289015,0
3244,0,0.22204012833671857,0,0.17871399784851674,0,0.2222473863378437,0
77022,1,0.2826573176941302,0,0.3355060717718937,0,0.3592219509096052,0
23418,1,0.7404189070496511,1,0.7785016364973618,1,0.7670711500524843,1
98565,0,0.26996248872672085,0,0.2850235789015114,0,0.2778841621586325,0
55204,0,0.469264193466226,0,0.4262287303266258,0,0.27900197441081076,0
77177,1,0.7989588950079459,1,0.8946059073774221,1,0.7365174185422569,1
73858,1,0.8029248766689278,1,0.7663265559257587,1,0.7577711292180515,1
29105,0,0.285885059790999,0,0.28765429611415116,0,0.2964724717091112,0
50067,1,0.7270269778430986,1,0.6005154021572144,1,0.5324179290893225,1
22254,1,0.1986180263748051,0,0.5749572147581163,1,0.6111670974147071,1
32591,0,0.27322781077414593,0,0.2819703163188208,0,0.2968755268116489,0
67875,1,0.8233200802688847,1,0.7346525551385574,1,0.7732899899568844,1
38034,0,0.5265674849164992,1,0.5256129422659163,1,0.5460255510842149,1
23298,0,0.27689631567095163,0,0.2819559117354884,0,0.2863282498330112,0
59395,0,0.4537740927437434,0,0.4317254464715814,0,0.26686436741917097,0
68464,0,0.3956485239142195,0,0.3009711396721116,0,0.4800807892693596,0
63289,0,0.5200522591397797,1,0.555603364918117,1,0.5986536936867297,1
68947,0,0.20400471699446895,0,0.13369194968568912,0,0.4202633356115096,0
72865,0,0.37354576754912666,0,0.3215608323518378,0,0.40266821880170367,0
63952,0,0.3561202800651255,0,0.1777908493387335,0,0.3567662451798945,0
45932,0,0.7819106323832803,1,0.7640163252991949,1,0.7905349467638639,1
82665,0,0.7761939589983279,1,0.7339786346504372,1,0.6890215891096599,1
49862,0,0.5514327950834089,1,0.7965436792427998,1,0.5350739083197097,1
39527,0,0.28065785309766944,0,0.30325331577696957,0,0.2956282437227925,0
92202,0,0.7560804029015307,1,0.8245044063390164,1,0.7468523898479024,1
92316,1,0.4433881904795397,0,0.746737361981553,1,0.7131722763046114,1
47170,0,0.4209468478031634,0,0.5723515636735436,1,0.5112959309191043,1
16232,0,0.7953654697192766,1,0.7741713559526657,1,0.7398262468133261,1
60092,1,0.30926106046741686,0,0.27642820276862995,0,0.3069023281180487,0
18769,0,0.5411801741612079,1,0.44802443841748024,0,0.33817806801661515,0
80115,1,0.7290693331758894,1,0.7647334123724474,1,0.761957764069575,1
98701,1,0.743082202128277,1,0.767667623044852,1,0.7969214662327291,1
83965,0,0.25111093426214287,0,0.2905966089540247,0,0.311617970188266,0
53984,0,0.2724990723386123,0,0.2888351330464548,0,0.30412535275004815,0
2071,1,0.25329467995223337,0,0.6367974438677804,1,0.2892761680172391,0
93470,1,0.602078726722708,1,0.7904761722379086,1,0.5475398439921426,1
58536,1,0.578414548995841,1,0.7588952233513185,1,0.8155954591260896,1
5760,1,0.21714138820769097,0,0.22774097152378434,0,0.3040098931311426,0
46412,1,0.7163538068308175,1,0.8068912472252171,1,0.6460216634932602,1
59113,1,0.5303797194688105,1,0.6750892956516554,1,0.3449980844243682,0
79720,0,0.24329564645639853,0,0.17405145941937777,0,0.2767566916172197,0
68162,1,0.3856978564195514,0,0.3182301220763345,0,0.6799458711885533,1
17714,0,0.28047083323267963,0,0.35353483577134953,0,0.3379136267857183,0
5486,1,0.648131384114036,1,0.662625332662045,1,0.5980964820631021,1
69004,0,0.33157954555920305,0,0.21307554842798979,0,0.33540957446734526,0
70910,1,0.7642792224780722,1,0.699846149993962,1,0.6434274559871102,1
58965,1,0.7541649625743654,1,0.7162058463058817,1,0.8044575395644317,1
24268,0,0.26766920386219695,0,0.2773749067799899,0,0.2835022326495318,0
68296,0,0.5585001267216946,1,0.572840764905197,1,0.663476999109258,1
23049,0,0.2712549901894488,0,0.24094593554844707,0,0.29301947973599046,0
13758,1,0.8798581205008525,1,0.7783391053773194,1,0.6961790214790144,1
45308,0,0.27654722244784996,0,0.20951673574684565,0,0.3041618236158501,0
66431,0,0.6115942935457244,1,0.2807470712796224,0,0.685428968269614,1
92859,0,0.25315564757149744,0,0.6065336630458074,1,0.7891070401034257,1
41048,1,0.6485710746857973,1,0.6640175804095001,1,0.6892190728911465,1
40676,1,0.3323810165454532,0,0.27852709797586017,0,0.347584061517401,0
73214,1,0.7328003788836626,1,0.7606015357101851,1,0.7885490487417389,1
10395,1,0.7461255270696786,1,0.7325638588586658,1,0.7121689800018798,1
49308,0,0.7665171423444176,1,0.46858284327408084,0,0.35599001258200336,0
24473,1,0.5614752115243278,1,0.7112834478240168,1,0.4646140872117975,0
84780,0,0.6232707427972677,1,0.4038760570035069,0,0.759601882046589,1
63440,1,0.21188062242979402,0,0.2881830091305272,0,0.29493833763055427,0
48537,0,0.694281262867471,1,0.6891249849293348,1,0.6902472997221638,1
92425,0,0.26372202397229105,0,0.2885638802598496,0,0.320514258259001,0
69768,1,0.28083738296003913,0,0.2782497028690624,0,0.27374208443704423,0
24825,0,0.28069912945491615,0,0.24568467573031313,0,0.2561172302920619,0
20754,0,0.2610657294773784,0,0.2805404484479714,0,0.3035468476250513,0
98397,1,0.6427436175675366,1,0.7109714330036513,1,0.48644903710161813,0
95061,1,0.6179770348007549,1,0.5,1,0.637910209271506,1
59490,1,0.8243606057505617,1,0.7483651126079028,1,0.788840583452353,1
98398,1,0.8202082758124044,1,0.7861363356828547,1,0.7497829508490749,1
33298,0,0.7682707166504958,1,0.7589239270038363,1,0.7912911249222081,1
14622,0,0.313444794333424,0,0.5761324090525954,1,0.5389439842552869,1
49961,0,0.8261250560752132,1,0.8327494950754447,1,0.7015863449947298,1
34285,1,0.7101007147151324,1,0.7248471428304772,1,0.7439441619952091,1
7392,0,0.5,1,0.8217633353845386,1,0.49390255650894693,0
49463,0,0.48014484402936974,0,0.5998060108606725,1,0.44766164067610204,0
21332,1,0.6600338650735001,1,0.8010296531239757,1,0.7571494475704204,1
84828,1,0.7478851362318354,1,0.7852962385443846,1,0.6466652926788121,1
89760,1,0.5135645731008943,1,0.44220829180374793,0,0.4364573613448801,0
56367,1,0.8009804930831648,1,0.7449736039904004,1,0.7319310918629338,1
71488,1,0.2610712033115684,0,0.28329076466255604,0,0.3624217242769091,0
41270,0,0.2563134252751093,0,0.2663216232764322,0,0.3325415610879381,0
24225,1,0.8051149107443596,1,0.7219498576476558,1,0.3981733694296258,0
38582,0,0.2734173134318171,0,0.6583352373516138,1,0.4109028009462839,0
43555,0,0.21933694332475928,0,0.21410040797947183,0,0.34030173276945835,0
75060,1,0.7921158225283181,1,0.7213421422725196,1,0.8213193526223227,1
35196,1,0.6614846154084904,1,0.6606500380171164,1,0.46153702972853594,0
98703,0,0.328730317933862,0,0.305642664560279,0,0.35482373421518915,0
17896,0,0.2830770791673093,0,0.2621351115073451,0,0.4025855864228451,0
40884,0,0.3894315012836778,0,0.28442130418573575,0,0.3717006046687572,0
56870,0,0.33044523834110207,0,0.30491025553407564,0,0.39263390886926214,0
37873,0,0.2174500906463719,0,0.3678329049871747,0,0.4523283129348088,0
85095,1,0.7237336699345059,1,0.7258395004172676,1,0.5078332200803024,1
19380,1,0.587078311512857,1,0.4378878388140587,0,0.7295934845050736,1
17710,1,0.7631056324485688,1,0.6298897717083954,1,0.7469193181257708,1
82101,0,0.7609669447073936,1,0.6068669955996807,1,0.7923986169035325,1
22580,1,0.5366542700167928,1,0.6449914009334822,1,0.5364395014531536,1
99109,1,0.7401945776833141,1,0.8626990001991793,1,0.8778832852044024,1
21169,1,0.3487764647021237,0,0.31131071208050953,0,0.34633934882997264,0
50538,0,0.7351016439833756,1,0.384952310921929,0,0.49386829908368607,0
17917,0,0.2801530439722987,0,0.26452752357649517,0,0.26371608447113726,0
93046,0,0.5660179037926567,1,0.4931298338490544,0,0.6265817181304362,1
63907,0,0.2764082917177855,0,0.2821396824096529,0,0.30495113287786496,0
49763,1,0.8808302262343286,1,0.7777551779953013,1,0.7242993974077255,1
35362,1,0.28953735188477664,0,0.8043863887611441,1,0.4365749875400249,0
28031,1,0.7262987222238785,1,0.6802368357718012,1,0.8344286632011284,1
36504,1,0.725961937078244,1,0.7377446577408534,1,0.5,1
82253,1,0.2584891874031514,0,0.3384186894213031,0,0.3852181244575359,0
20441,1,0.43502436544141726,0,0.27268870337033235,0,0.6862790094760056,1
91486,1,0.4857951758529232,0,0.4772330825904317,0,0.5164016804785003,1
68304,0,0.35780839468761794,0,0.21572933733849833,0,0.3168087457429556,0
3616,0,0.5855007644960636,1,0.427074946029729,0,0.581151298779722,1
81823,1,0.8328898763297429,1,0.8007503942823887,1,0.7582441559776024,1
26581,1,0.5600026570866256,1,0.6653983965347725,1,0.3787146779752632,0
55372,0,0.7162787836099135,1,0.5059356580270775,1,0.494794067506497,0
24358,1,0.7439732328812553,1,0.7396930918936807,1,0.6896432426290601,1
99384,1,0.8211067665953976,1,0.7333563385371334,1,0.6552830173728671,1
49643,0,0.3693700226009547,0,0.399805130014947,0,0.32226288018778515,0
18661,0,0.3066904156415004,0,0.29214845835308006,0,0.26159459540637386,0
2385,0,0.6868694788075747,1,0.7239936959441432,1,0.6256400542863817,1
71894,1,0.774136728670924,1,0.7777831185289793,1,0.7677415897637047,1
96098,1,0.3317168769791055,0,0.7660342371925137,1,0.5504760437254047,1
47425,1,0.5507358516765455,1,0.685072255414043,1,0.8626279282769218,1
4622,1,0.7295281699325783,1,0.8335504824189169,1,0.7719717926359683,1
17483,0,0.29493724722406645,0,0.2987298210579421,0,0.23498679264427388,0
81407,0,0.2517735852576765,0,0.22275479831842498,0,0.2841055991567831,0
19229,1,0.6778764098129969,1,0.762450481692387,1,0.7423839860941577,1
81705,1,0.7518826399988353,1,0.759168890417349,1,0.7092594864700252,1
25707,0,0.7444082337038438,1,0.7914509666899319,1,0.7372881978681654,1
59355,0,0.7378629026350493,1,0.8282686093465251,1,0.7076191029214026,1
58666,1,0.7568728249394984,1,0.6764551730801296,1,0.7019377914915768,1
30137,1,0.36760466797107233,0,0.35984943416582227,0,0.366821364189808,0
