id,y_true,logistic_regression_proba,logistic_regression_pred,random_forest_proba,random_forest_pred,xgboost_proba,xgboost_pred,rbf_svm_n20000_proba,rbf_svm_n20000_pred,baseline_qsvm_n2000_proba,baseline_qsvm_n2000_pred,mi_adaptive_qsvm_n2000_proba,mi_adaptive_qsvm_n2000_pred,control_random_features_proba,control_random_features_pred,hybrid_proba,hybrid_pred
59314,1,0.43188939267896953,0,0.4038355852192422,0,0.39290884,0,0.3784664490286589,0,0.2683965973245317,0,0.339054834607032,0,0.4092153773328168,0,0.38704697198318566,0
2907,1,0.6525331242280376,1,0.8164005569664392,1,0.81661737,1,0.7762773898490787,1,0.7219438474742722,1,0.8749006957363522,1,0.7810903277771658,1,0.8348957520402781,1
4610,0,0.06663510291904526,0,0.15991341542199994,0,0.059147876,0,0.0849009167607351,0,0.2622204547785944,0,0.353947327852223,0,0.07464215145508793,0,0.061501719899919385,0
29612,0,0.3394152946815334,0,0.2712589298290128,0,0.26728922,0,0.2894992375600769,0,0.3366652050564496,0,0.3427093237404032,0,0.3636303831308131,0,0.3366274658705543,0
81192,1,0.8479971633928111,1,0.8296547828557675,1,0.83365315,1,0.8612946287559964,1,0.8225102803911015,1,0.729786267696047,1,0.9000680412218169,1,0.9098647373098453,1
17985,0,0.731014216021985,1,0.8101689739032287,1,0.8512039,1,0.7961601968989181,1,0.5433209271703485,1,0.3582338278228338,0,0.7481581567598715,1,0.7021120346638824,1
7821,0,0.1937966985768669,0,0.21699123669988088,0,0.17218065,0,0.1621723181817789,0,0.2494979020956509,0,0.2738035241526619,0,0.18355381385328673,0,0.1643155582685563,0
9964,0,0.28228358265548426,0,0.26752930027562055,0,0.24704522,0,0.2657319409136613,0,0.2522267690736079,0,0.2208009102929149,0,0.30067860416670694,0,0.2636952919363908,0
72335,0,0.24337352345614532,0,0.25007072282692505,0,0.22185656,0,0.2626258654479609,0,0.3382831936210602,0,0.279463369646818,0,0.2586087689145592,0,0.2118849340304163,0
96882,0,0.28656573744812636,0,0.27115083022374525,0,0.20995131,0,0.2316527668257785,0,0.3082444462292398,0,0.297178749087132,0,0.4139851786593445,0,0.39257913040827486,0
70742,0,0.39279020870500486,0,0.39771113602268066,0,0.3649072,0,0.3354083454463291,0,0.3407543304743681,0,0.2865908162892622,0,0.45091375745572926,0,0.42185113581810596,0
62486,1,0.6481574841205598,1,0.7915605429329744,1,0.8022353,1,0.7110581925547926,1,0.7461212536575418,1,0.7010135890684046,1,0.6596007307457704,1,0.660169139759776,1
63328,0,0.18695414644714858,0,0.2549646329817135,0,0.1589023,0,0.1357592980704428,0,0.2115640846891024,0,0.3204819782994237,0,0.23328209697698424,0,0.21175106752784573,0
55055,0,0.2099930297661308,0,0.2586528724175844,0,0.16300675,0,0.2594194617344325,0,0.2638234611312536,0,0.3453122480513962,0,0.2639115602957195,0,0.2954026618502457,0
85649,1,0.3508614760925692,0,0.2732328611857133,0,0.29403484,0,0.2793214392969871,0,0.2774785970569321,0,0.2668179583873178,0,0.37770213195323976,0,0.3538987200963612,0
62967,0,0.39180224392959434,0,0.5061984264408722,1,0.36926922,0,0.5945436800552174,1,0.5215575503052836,1,0.3951665829097212,0,0.5415888709612972,1,0.5052641880859102,1
39789,1,0.8474913410416384,1,0.8204563653057204,1,0.8566537,1,0.881429523251021,1,0.7192385833344149,1,0.799627573627797,1,0.8261574415707653,1,0.8131607549957709,1
13223,1,0.8032141586533007,1,0.7579925001601658,1,0.8820055,1,0.7871049239910459,1,0.795731817794146,1,0.7094384592891683,1,0.7038825801892299,1,0.7469413370522114,1
63582,1,0.605483076270693,1,0.5790079994812242,1,0.58148396,1,0.7028094467968802,1,0.6559557234135026,1,0.7311396265249731,1,0.653488054970904,1,0.6345070556297709,1
51533,1,0.2981770062784125,0,0.29099468977077453,0,0.24400997,0,0.2807864437937635,0,0.190056267891395,0,0.2293692456469032,0,0.3237524609532138,0,0.30597777037310203,0
78234,0,0.3385217060517829,0,0.2704394399122844,0,0.29844588,0,0.2822222615832817,0,0.2835539363147016,0,0.3167816855852726,0,0.364657542971511,0,0.3360971735687157,0
39340,0,0.3244888613583142,0,0.27081212904251956,0,0.22191417,0,0.2739298425156969,0,0.2784294377158934,0,0.2763948458394511,0,0.3412186934383104,0,0.3209274778153029,0
85132,0,0.3444208395308568,0,0.271376245303488,0,0.24516848,0,0.2891608497265377,0,0.2926380730051955,0,0.304553890106062,0,0.36742221075498616,0,0.3465547830809052,0
79,1,0.9844321592165393,1,0.8364503009139939,1,0.8997685,1,0.8454999988914498,1,0.6462316203955195,1,0.5808023131332339,1,0.941898499992513,1,0.9365484685479429,1
64428,0,0.32243437512603973,0,0.26650618768192624,0,0.26546457,0,0.2694601652912611,0,0.2887742522844266,0,0.2603130170960607,0,0.34745260896918273,0,0.31524622101076727,0
98672,1,0.7542451129278264,1,0.7204566650452597,1,0.75287884,1,0.7268772784696528,1,0.5906809875454124,1,0.6922731711578749,1,0.7040088933903819,1,0.6257598000923725,1
48567,0,0.21615298501986915,0,0.25818753281676887,0,0.21481758,0,0.3192204014679588,0,0.3868192916829503,0,0.5454836539084927,1,0.2691214815721933,0,0.30562697679608575,0
81653,1,0.6688028360811494,1,0.6505797634860204,1,0.68972695,1,0.6651085312551074,1,0.782728571083281,1,0.6759732571266663,1,0.7367760477488027,1,0.7304439888748447,1
70507,0,0.22530108950873498,0,0.33594931939494055,0,0.28023958,0,0.2471242070951337,0,0.2940315475053694,0,0.2647600887320963,0,0.155496640128125,0,0.15791848665125235,0
47524,1,0.645920421609604,1,0.6204924820339652,1,0.5976119,1,0.6305588057763174,1,0.8220322234142535,1,0.7780818488762917,1,0.719032039855522,1,0.7236432746079813,1
93929,0,0.38314868022836557,0,0.3959581963233284,0,0.36332414,0,0.3081927491270724,0,0.2953680408829752,0,0.2711549833634514,0,0.41333547690302935,0,0.3932353929245708,0
67243,0,0.28883843951549604,0,0.2690175588210258,0,0.24722175,0,0.2836158326404066,0,0.2375024074101787,0,0.2826980760655722,0,0.3000217498858808,0,0.2758684424481278,0
11935,1,0.3402183693365436,0,0.3387890103403084,0,0.3117507,0,0.3443457119825476,0,0.3058483404295275,0,0.3658129267198345,0,0.4392467445412572,0,0.5101796084818612,1
11606,0,0.494229133079856,0,0.3371050384500592,0,0.36045945,0,0.4329850930805097,0,0.7157469411157248,1,0.811733689386325,1,0.40234417429473485,0,0.43890530687612866,0
74218,1,0.9760545685397912,1,0.8479885760579801,1,0.8750988,1,0.8342449387384127,1,0.6265767476606056,1,0.5077295263265922,1,0.9607255609967288,1,0.9518240553985826,1
98248,1,0.87637597875947,1,0.8214928612844223,1,0.8652805,1,0.9218869232757866,1,0.823111980105599,1,0.8097891125572872,1,0.8179252339745465,1,0.8570631459817334,1
84314,0,0.42377923322259914,0,0.39944989071182024,0,0.3723327,0,0.3591341423204748,0,0.3278564306315676,0,0.3045533826182971,0,0.473324253845109,0,0.4609556933911246,0
31330,0,0.5289795614950014,1,0.3409202681084357,0,0.42159325,0,0.4467245106529018,0,0.2245277904138533,0,0.3920741828534246,0,0.4409433584677941,0,0.47886530609621,0
2893,1,0.6117659487176452,1,0.6968561543840344,1,0.76867795,1,0.6889508793177944,1,0.771752681689563,1,0.6340470633882812,1,0.590047616046644,1,0.6455574405072982,1
32736,1,0.8412296432543722,1,0.8360691957944387,1,0.85681486,1,0.768802419872055,1,0.3146571585351102,0,0.374102272353791,0,0.8996151597753189,1,0.8954456949386661,1
7604,1,0.5567382423096906,1,0.5647061691959174,1,0.6366637,1,0.6915344832359671,1,0.7621747032699604,1,0.6339072503524041,1,0.465259377479961,0,0.5216180753682523,1
6066,0,0.7660472225199997,1,0.7465867260570922,1,0.7251606,1,0.7803546830635816,1,0.8332200461543904,1,0.7039189643997099,1,0.7402023886842212,1,0.7481963310337303,1
55289,0,0.21466398489023195,0,0.3403876223590089,0,0.15696675,0,0.1638992701482153,0,0.3400936512232986,0,0.2737950738986857,0,0.33150333711218316,0,0.3008484964974985,0
90787,1,0.5616223422332677,1,0.5338689394741575,1,0.5170894,1,0.53856883734935,1,0.5,1,0.4896740535265496,0,0.5395499576487682,1,0.5244657271448432,1
66264,1,0.3066914999064598,0,0.3919120643256544,0,0.33972037,0,0.2248098938489375,0,0.252519774766772,0,0.2981443869143649,0,0.3912829476160564,0,0.38129480762152335,0
70083,1,0.85263890138883,1,0.8147764158426954,1,0.8539849,1,0.9192119813303918,1,0.770075319613041,1,0.831363551609371,1,0.8254619716652972,1,0.8678473294344952,1
16284,0,0.1407020962849939,0,0.18526086984272208,0,0.11279644,0,0.1424702308426843,0,0.208165045069402,0,0.2470506008486979,0,0.12423582573490011,0,0.10491472193553444,0
38289,1,0.9446252341553045,1,0.8328951320169641,1,0.84419984,1,0.8681390838264862,1,0.4792018777044727,0,0.4832013168885986,0,0.9300427616842226,1,0.8830648435131326,1
76890,0,0.19448518105698306,0,0.256481421203223,0,0.19631208,0,0.1313418430734758,0,0.2491200975039004,0,0.2653248608564327,0,0.24779212682793714,0,0.22167774816499483,0
26273,1,0.7912401502929475,1,0.8348832132904614,1,0.90245396,1,0.8498883384481652,1,0.8670245763912404,1,0.653504109275472,1,0.8464957980461439,1,0.8631495642809445,1
17083,0,0.5285198270925398,1,0.4162697395211338,0,0.41880363,0,0.4547785649445947,0,0.4148729273768547,0,0.4043349119610054,0,0.49786652054896763,0,0.5398701640125527,1
63069,0,0.7179415013915125,1,0.7358663639205956,1,0.81536,1,0.7686966221900539,1,0.8624294568983232,1,0.8064213622665288,1,0.6859552686925703,1,0.7301595904481247,1
94338,0,0.22319770110283052,0,0.23488181403460515,0,0.11852417,0,0.2733672577195534,0,0.2994285259688142,0,0.2553843040842383,0,0.22994601848267532,0,0.18924466081426972,0
10752,1,0.45856916858057845,0,0.40274723180001154,0,0.42008194,0,0.3933460756218785,0,0.397327615330819,0,0.3550881555357375,0,0.4923156305463131,0,0.4849286262542357,0
67160,0,0.22277846177712948,0,0.25001135555115545,0,0.20678632,0,0.1980687581137803,0,0.2818968184992081,0,0.3372795928830995,0,0.20919608665129044,0,0.19668240697942144,0
43939,0,0.15154965202347637,0,0.21923457344829828,0,0.14101173,0,0.1235397130123839,0,0.2763097893970313,0,0.2761972203790491,0,0.20391026349814145,0,0.1657949043308649,0
54962,0,0.3554248859024764,0,0.2787430215211849,0,0.31295022,0,0.2917544078285849,0,0.2879836325452908,0,0.3143851557346593,0,0.38137063574731334,0,0.35889095517719727,0
24267,1,0.7723371351858548,1,0.7473176729615634,1,0.7792581,1,0.7783965418498648,1,0.8037335255714301,1,0.7713142879429771,1,0.775710139392499,1,0.7296062127820626,1
19509,0,0.7200313588284554,1,0.8111832590439523,1,0.810816,1,0.7623377958941783,1,0.7213749732381916,1,0.8456310154441153,1,0.7954325683539046,1,0.8136580913601722,1
32311,1,0.5488464789934322,1,0.6022995439672546,1,0.5649195,1,0.5520891839560801,1,0.7188605717364949,1,0.7380349384726409,1,0.6183044329961204,1,0.6367147988644962,1
66277,1,0.8935042498334896,1,0.8268434146721245,1,0.84435374,1,0.9106866172989824,1,0.7628768177297132,1,0.8135300374547334,1,0.888156426258643,1,0.9211042982856985,1
88408,1,0.7527737272830871,1,0.8179164166751757,1,0.80576676,1,0.7421843352662317,1,0.6405156272351534,1,0.8278264369573048,1,0.7539126749224736,1,0.7937405275638926,1
4650,0,0.1289951739551709,0,0.1833583170913829,0,0.085074216,0,0.145736826103055,0,0.2306026614245818,0,0.247241861333878,0,0.11273980329629946,0,0.09283971356128083,0
80265,1,0.3095938972316821,0,0.24769004346484844,0,0.2730762,0,0.2752287676172661,0,0.2827354787834147,0,0.3160024658539998,0,0.2561148821059399,0,0.23614228072955815,0
96460,1,0.6049898543188109,1,0.48701821687203856,0,0.6864479,1,0.7366559807845711,1,0.7228822264847742,1,0.4434760286059871,0,0.6053603540942848,1,0.594638439829006,1
56985,0,0.09445904848569465,0,0.324624925727133,0,0.16893052,0,0.1746459080847987,0,0.895828723330862,1,0.8124710079005146,1,0.10050134548815504,0,0.1205289874723502,0
92494,1,0.3394289132741992,0,0.2870531165889625,0,0.2279858,0,0.3037319316623564,0,0.4000175185178521,0,0.6926184451243118,1,0.31297871737119914,0,0.3430312403285867,0
3244,0,0.21247024587812205,0,0.22558085737794992,0,0.10924377,0,0.2710934380073674,0,0.2220401283367185,0,0.1787139978485167,0,0.2139082614541766,0,0.1715928399518087,0
77022,1,0.2364079046053916,0,0.2332604380851989,0,0.24146655,0,0.1771457329740355,0,0.2826573176941302,0,0.3355060717718937,0,0.2296579597831168,0,0.21424558540527774,0
23418,1,0.8065203745297133,1,0.7532480769765982,1,0.8305559,1,0.8210808781212547,1,0.7404189070496511,1,0.7785016364973618,1,0.7483763192619189,1,0.7299354225112732,1
98565,0,0.3457847925983647,0,0.28917051758010637,0,0.32171136,0,0.2927854014483328,0,0.2699624887267208,0,0.2850235789015114,0,0.33327752645110814,0,0.30208022790733235,0
55204,0,0.2563701363630179,0,0.33495277328140316,0,0.2496033,0,0.3467186075740773,0,0.469264193466226,0,0.4262287303266258,0,0.16319990843560359,0,0.22019939042878972,0
77177,1,0.7688218139392439,1,0.698642338409146,1,0.72510237,1,0.7218220727715542,1,0.7989588950079459,1,0.8946059073774221,1,0.7509376335290943,1,0.7779916701461145,1
73858,1,0.7383258560739547,1,0.7323630806077551,1,0.8249603,1,0.7700665246952628,1,0.8029248766689278,1,0.7663265559257587,1,0.711016241117423,1,0.7481309093311141,1
29105,0,0.2945036649273451,0,0.27533340673158774,0,0.23722473,0,0.2651837668268485,0,0.285885059790999,0,0.2876542961141511,0,0.30532149789471114,0,0.27272945402059234,0
50067,1,0.7381837468379026,1,0.8107587129100927,1,0.8369764,1,0.7453218634598996,1,0.7270269778430986,1,0.6005154021572144,1,0.69498862730951,1,0.7462958613228464,1
22254,1,0.4792516595085177,0,0.662174448141104,1,0.75608,1,0.7202170888868525,1,0.1986180263748051,0,0.5749572147581163,1,0.37194771052573633,0,0.3487856551406056,0
32591,0,0.1977664001758327,0,0.25100969529095607,0,0.12753056,0,0.2341446974218433,0,0.2732278107741459,0,0.2819703163188208,0,0.2804287106925954,0,0.25398768632964797,0
67875,1,0.8267467122929936,1,0.7423509875961571,1,0.8071503,1,0.7657889641409283,1,0.8233200802688847,1,0.7346525551385574,1,0.6377186236539432,1,0.6658150367265685,1
38034,0,0.5073155890220145,1,0.44504321977526135,0,0.56163645,1,0.4874923524373031,0,0.5265674849164992,1,0.5256129422659163,1,0.5475142891624603,1,0.5388366671268876,1
23298,0,0.34863153882988335,0,0.27348248293008925,0,0.28340253,0,0.2839821609051424,0,0.2768963156709516,0,0.2819559117354884,0,0.38267649086031835,0,0.3682337582366153,0
59395,0,0.46348112482240783,0,0.4370157833203519,0,0.5357802,1,0.4142147011991185,0,0.4537740927437434,0,0.4317254464715814,0,0.5082564071368544,1,0.4889808634118591,0
68464,0,0.4330334088764092,0,0.4146618785913349,0,0.40135667,0,0.3514626031390367,0,0.3956485239142195,0,0.3009711396721116,0,0.465724214547051,0,0.4572702997756841,0
63289,0,0.23154920251378253,0,0.34012911093431875,0,0.19941424,0,0.3163115665636946,0,0.5200522591397797,1,0.555603364918117,1,0.32415857388830194,0,0.28541800344155077,0
68947,0,0.23447127279254995,0,0.24886312928390936,0,0.25245246,0,0.2689350580341368,0,0.2040047169944689,0,0.1336919496856891,0,0.17766824764284905,0,0.20523335055562314,0
72865,0,0.4210304789536027,0,0.3991328663955926,0,0.3835401,0,0.3583392784271439,0,0.3735457675491266,0,0.3215608323518378,0,0.44995753898757024,0,0.4412871590853755,0
63952,0,0.05989135617802592,0,0.15847182872228036,0,0.026354158,0,0.1328115889039326,0,0.3561202800651255,0,0.1777908493387335,0,0.04729475535919238,0,0.05048120726126044,0
45932,0,0.6114393363696499,1,0.5644240371342235,1,0.5773281,1,0.662744365242003,1,0.7819106323832803,1,0.7640163252991949,1,0.7675211872969456,1,0.7533194769442342,1
82665,0,0.36905907001766813,0,0.4350866851517955,0,0.42035976,0,0.3324011759758272,0,0.7761939589983279,1,0.7339786346504372,1,0.6034509556410645,1,0.6569086252583745,1
49862,0,0.6264503599939585,1,0.8062300540451736,1,0.85799676,1,0.7498825708552627,1,0.5514327950834089,1,0.7965436792427998,1,0.6370850870555199,1,0.6869888918901776,1
39527,0,0.21596213220183685,0,0.23471085395303853,0,0.1261142,0,0.2758960167902258,0,0.2806578530976694,0,0.3032533157769695,0,0.21802255186367214,0,0.17949323427772002,0
92202,0,0.7288685142413225,1,0.8099697873543215,1,0.8246002,1,0.7556979114708408,1,0.7560804029015307,1,0.8245044063390164,1,0.7350834729846816,1,0.7620102057356268,1
92316,1,0.9184992655222939,1,0.8348965957054151,1,0.84941983,1,0.8080836243585521,1,0.4433881904795397,0,0.746737361981553,1,0.9399519699611663,1,0.8709303243233665,1
47170,0,0.4772628792085017,0,0.49506225061219683,0,0.4761479,0,0.4917252446249556,0,0.4209468478031634,0,0.5723515636735436,1,0.45385710866497836,0,0.44260532399515,0
16232,0,0.6960238158160762,1,0.8038848091098845,1,0.8078988,1,0.7502244207704184,1,0.7953654697192766,1,0.7741713559526657,1,0.7205031592651538,1,0.7321045165449889,1
60092,1,0.289216705972132,0,0.2751478188143475,0,0.26293254,0,0.2608320843137559,0,0.3092610604674168,0,0.2764282027686299,0,0.26981924308374955,0,0.2304922042149877,0
18769,0,0.06499795141885013,0,0.24504664857650355,0,0.08817594,0,0.124075557542299,0,0.5411801741612079,1,0.4480244384174802,0,0.06600945888409905,0,0.08696481462452704,0
80115,1,0.8544881394990657,1,0.7503207693167849,1,0.85338813,1,0.873134218085318,1,0.7290693331758894,1,0.7647334123724474,1,0.7222970431541601,1,0.7271237916272469,1
98701,1,0.5239549048883764,1,0.6028301348415107,1,0.57462585,1,0.5462973368547924,1,0.743082202128277,1,0.767667623044852,1,0.5933612807168962,1,0.6049677198844934,1
83965,0,0.3735616329850842,0,0.3758857994872776,0,0.38593543,0,0.3280100187481322,0,0.2511109342621428,0,0.2905966089540247,0,0.3095073930798971,0,0.29527122618519513,0
53984,0,0.35611732744316654,0,0.36068215120572567,0,0.3070076,0,0.3056362507584427,0,0.2724990723386123,0,0.2888351330464548,0,0.3390352848007585,0,0.3260270013188544,0
2071,1,0.5882208034387072,1,0.6941959161528001,1,0.7039303,1,0.6560055396237638,1,0.2532946799522333,0,0.6367974438677804,1,0.5752592746341056,1,0.5029462399958972,1
93470,1,0.6586958434220773,1,0.8090753373306753,1,0.8651893,1,0.7461762882839654,1,0.602078726722708,1,0.7904761722379086,1,0.6565782536185398,1,0.6989345121535685,1
58536,1,0.917199891426791,1,0.8298436922245008,1,0.88108504,1,0.9061986883871986,1,0.578414548995841,1,0.7588952233513185,1,0.8793300490307879,1,0.8682234855894444,1
5760,1,0.2823447798329138,0,0.274671310215635,0,0.25628096,0,0.2771425973680984,0,0.2171413882076909,0,0.2277409715237843,0,0.2244831609367888,0,0.2067358585539433,0
46412,1,0.7932994159216785,1,0.8210361300966684,1,0.8465454,1,0.8740386168410255,1,0.7163538068308175,1,0.8068912472252171,1,0.7648627819966061,1,0.8291193235613086,1
59113,1,0.6870276404900159,1,0.6975036336464137,1,0.71681035,1,0.7198682419796033,1,0.5303797194688105,1,0.6750892956516554,1,0.6711843086319723,1,0.597194393466363,1
79720,0,0.12255635465067814,0,0.17581249944822494,0,0.103742085,0,0.1412060374788336,0,0.2432956464563985,0,0.1740514594193777,0,0.12126148329401065,0,0.09221984425126559,0
68162,1,0.3885160513862499,0,0.3427057036970804,0,0.3996932,0,0.440306876409099,0,0.3856978564195514,0,0.3182301220763345,0,0.3586191558503407,0,0.39186656810487286,0
17714,0,0.2600594171535295,0,0.3824873171201012,0,0.26834738,0,0.1645381090763284,0,0.2804708332326796,0,0.3535348357713495,0,0.4432139928109072,0,0.4388071538197219,0
5486,1,0.47873475389958187,0,0.48006778293663993,0,0.45618218,0,0.4129946162932074,0,0.648131384114036,1,0.662625332662045,1,0.6115161605306008,1,0.6197188199365635,1
69004,0,0.2200247382742008,0,0.23640098661518466,0,0.1598431,0,0.2691743065582433,0,0.331579545559203,0,0.2130755484279897,0,0.23731683457097777,0,0.19569640201927113,0
70910,1,0.7373620536158793,1,0.8121850871945498,1,0.8180727,1,0.753158723296136,1,0.7642792224780722,1,0.699846149993962,1,0.7087235342721574,1,0.7628396454484176,1
58965,1,0.8688461125443713,1,0.830271819652948,1,0.8564196,1,0.9278991664209988,1,0.7541649625743654,1,0.7162058463058817,1,0.8593518900599595,1,0.9174767757791785,1
24268,0,0.2169407219574412,0,0.23443064847713618,0,0.120716475,0,0.2748067821614635,0,0.2676692038621969,0,0.2773749067799899,0,0.22515053112924352,0,0.18033485068799965,0
68296,0,0.429995034462665,0,0.33372889874098044,0,0.44570622,0,0.4211425781686022,0,0.5585001267216946,1,0.572840764905197,1,0.3860225250611536,0,0.42764000741545305,0
23049,0,0.1498504588424779,0,0.22443306256430048,0,0.16620773,0,0.1370249011922879,0,0.2712549901894488,0,0.240945935548447,0,0.16260167796875524,0,0.1425698761179675,0
13758,1,0.8023277358630961,1,0.831279308352304,1,0.9084609,1,0.8774744540892333,1,0.8798581205008525,1,0.7783391053773194,1,0.7254800915735632,1,0.8011478993812601,1
45308,0,0.1370286606834748,0,0.20930484751554795,0,0.057084206,0,0.1304707738211762,0,0.2765472224478499,0,0.2095167357468456,0,0.1718206975545591,0,0.1365585654681522,0
66431,0,0.4427364614397881,0,0.39715600461699085,0,0.42784935,0,0.4760127086216421,0,0.6115942935457244,1,0.2807470712796224,0,0.3728482306225418,0,0.42765940317167517,0
92859,0,0.12181978322118511,0,0.18450540755882514,0,0.08150037,0,0.1588568383773654,0,0.2531556475714974,0,0.6065336630458074,1,0.11160146552032296,0,0.09097183123254504,0
41048,1,0.4235582686017981,0,0.594126193155988,1,0.59271336,1,0.4644770685639088,0,0.6485710746857973,1,0.6640175804095001,1,0.5730203200383286,1,0.6138862015286385,1
40676,1,0.38588824920046355,0,0.39478815885400215,0,0.34336537,0,0.3288966583098124,0,0.3323810165454532,0,0.2785270979758601,0,0.4415828277451448,0,0.4128821261889138,0
73214,1,0.8179619287165495,1,0.8167500926295984,1,0.8619525,1,0.8498257623426946,1,0.7328003788836626,1,0.7606015357101851,1,0.7863218182991203,1,0.807690771846441,1
10395,1,0.7725106186640666,1,0.7459126238241469,1,0.83092993,1,0.8107858594788171,1,0.7461255270696786,1,0.7325638588586658,1,0.6603162779994982,1,0.6519527025238956,1
49308,0,0.5532642599058193,1,0.4467957452518235,0,0.5215781,1,0.5902704142152664,1,0.7665171423444176,1,0.4685828432740808,0,0.29399746925316855,0,0.3476919232559079,0
24473,1,0.9522650282205557,1,0.8511866975792562,1,0.897651,1,0.8275402323119787,1,0.5614752115243278,1,0.7112834478240168,1,0.8966199526719886,1,0.8872044282694782,1
84780,0,0.46849755393541814,0,0.42188081129289506,0,0.44072205,0,0.4066417953801184,0,0.6232707427972677,1,0.4038760570035069,0,0.5460020117437702,1,0.5389374516206663,1
63440,1,0.14227435606662595,0,0.18493414365793753,0,0.11606451,0,0.1401907220790769,0,0.211880622429794,0,0.2881830091305272,0,0.1287356133919397,0,0.10668763030988143,0
48537,0,0.6681847225239409,1,0.6204397995411509,1,0.69595015,1,0.7572098007134959,1,0.694281262867471,1,0.6891249849293348,1,0.5769962802239507,1,0.6620982572801849,1
92425,0,0.24798721583707495,0,0.27298030521612343,0,0.118084535,0,0.2749229270053615,0,0.263722023972291,0,0.2885638802598496,0,0.2508971842140712,0,0.2263602875089172,0
69768,1,0.317081871553417,0,0.2789046722029054,0,0.25208202,0,0.2832953759089767,0,0.2808373829600391,0,0.2782497028690624,0,0.3338729621769394,0,0.30232352746518615,0
24825,0,0.24238074160670423,0,0.26701708687997844,0,0.18611449,0,0.2624153485702061,0,0.2806991294549161,0,0.2456846757303131,0,0.29290478506383544,0,0.26586588833615277,0
20754,0,0.3242976731808502,0,0.2911920096407636,0,0.3044519,0,0.2835712546439697,0,0.2610657294773784,0,0.2805404484479714,0,0.3027139411532338,0,0.2763772487954746,0
98397,1,0.8288268332886959,1,0.8123991622383692,1,0.7166451,1,0.7296192189118516,1,0.6427436175675366,1,0.7109714330036513,1,0.8823305174729771,1,0.8241772127583482,1
95061,1,0.3229524934323343,0,0.38867042512893163,0,0.51981395,1,0.3224389158071065,0,0.6179770348007549,1,0.5,1,0.3296701608641675,0,0.32323332551754685,0
59490,1,0.7435782746348955,1,0.8022203710826112,1,0.8096163,1,0.8130373326820537,1,0.8243606057505617,1,0.7483651126079028,1,0.7264880950293038,1,0.7672546433306376,1
98398,1,0.6483276485358744,1,0.8112615992627851,1,0.8731211,1,0.9009719034894343,1,0.8202082758124044,1,0.7861363356828547,1,0.579093180667877,1,0.6428636615877538,1
33298,0,0.6673135501326123,1,0.62543076071487,1,0.75402457,1,0.7235060972899993,1,0.7682707166504958,1,0.7589239270038363,1,0.5837792835664448,1,0.63442209211082,1
14622,0,0.18046611572590188,0,0.2335746661372665,0,0.18658043,0,0.2766944628377559,0,0.313444794333424,0,0.5761324090525954,1,0.13439106574994505,0,0.15520735937467828,0
49961,0,0.7943177117125012,1,0.8225189180404459,1,0.8782499,1,0.8528019771261721,1,0.8261250560752132,1,0.8327494950754447,1,0.7755538917397119,1,0.8076758775045593,1
34285,1,0.8830402922523849,1,0.803678616448218,1,0.8732644,1,0.8140295373439708,1,0.7101007147151324,1,0.7248471428304772,1,0.7673594073295054,1,0.7926345825299541,1
7392,0,0.44940104098812383,0,0.5046039820460413,1,0.46971545,0,0.4740961002796126,0,0.5,1,0.8217633353845386,1,0.4207447578104891,0,0.46505396661606246,0
49463,0,0.5125190808719593,1,0.49789002283762934,0,0.47547793,0,0.5129518514391488,1,0.4801448440293697,0,0.5998060108606725,1,0.4733782583898672,0,0.4607604588272177,0
21332,1,0.8602890619829604,1,0.8244720511439333,1,0.8296847,1,0.8046929935782953,1,0.6600338650735001,1,0.8010296531239757,1,0.8755074557266669,1,0.8963938301983426,1
84828,1,0.764210432591272,1,0.8176884208611059,1,0.88479716,1,0.9376356114850284,1,0.7478851362318354,1,0.7852962385443846,1,0.7231906413336664,1,0.8061742971362574,1
89760,1,0.6143435086186295,1,0.5371512202328493,1,0.58556354,1,0.6251296570006039,1,0.5135645731008943,1,0.4422082918037479,0,0.5290566200065002,1,0.5302816880747936,1
56367,1,0.7924312285587325,1,0.8102868848318305,1,0.8935726,1,0.9043488606136686,1,0.8009804930831648,1,0.7449736039904004,1,0.6673164825710094,1,0.7549432216586177,1
71488,1,0.4084041912738649,0,0.3805098659009016,0,0.37185255,0,0.3727450998380325,0,0.2610712033115684,0,0.283290764662556,0,0.34772573146044794,0,0.33276541741523424,0
41270,0,0.2765680234138943,0,0.2472744053967584,0,0.26470038,0,0.2672542297596065,0,0.2563134252751093,0,0.2663216232764322,0,0.2272400761132424,0,0.19967505684251952,0
24225,1,0.678485219758305,1,0.7154968224790919,1,0.8584824,1,0.7614554766211199,1,0.8051149107443596,1,0.7219498576476558,1,0.5224071308162888,1,0.5814034980991826,1
38582,0,0.1887689596332242,0,0.3732742623050964,0,0.33368358,0,0.1881004238845695,0,0.2734173134318171,0,0.6583352373516138,1,0.23448872010969402,0,0.23069134015217355,0
43555,0,0.2135510850034868,0,0.23596601054179056,0,0.1252945,0,0.275267069627548,0,0.2193369433247592,0,0.2141004079794718,0,0.2262195205960422,0,0.18966577257956424,0
75060,1,0.7433902006047968,1,0.8171443593325592,1,0.8478884,1,0.7690066041418582,1,0.7921158225283181,1,0.7213421422725196,1,0.7587438502212128,1,0.7509423338908514,1
35196,1,0.9361749816194024,1,0.8191133969054585,1,0.79637694,1,0.8452064149412405,1,0.6614846154084904,1,0.6606500380171164,1,0.9338086145323969,1,0.7532393965251436,1
98703,0,0.2783885109314248,0,0.27303669507790257,0,0.22446503,0,0.2742733632237227,0,0.328730317933862,0,0.305642664560279,0,0.28744938274765586,0,0.26355732963539014,0
17896,0,0.20301948526175884,0,0.3111291466504382,0,0.17810783,0,0.1523709797506217,0,0.2830770791673093,0,0.2621351115073451,0,0.22039759722262955,0,0.20593044168828994,0
40884,0,0.13683558722609962,0,0.2377731434438861,0,0.22787347,0,0.1276815468999149,0,0.3894315012836778,0,0.2844213041857357,0,0.16836042483370173,0,0.22102246932716546,0
56870,0,0.4195360051608753,0,0.3990166622774741,0,0.37634006,0,0.3460486516901051,0,0.330445238341102,0,0.3049102555340756,0,0.4523810648078449,0,0.43881841329624577,0
37873,0,0.03148929642211765,0,0.17963500485770162,0,0.030792387,0,0.0738166334263672,0,0.2174500906463719,0,0.3678329049871747,0,0.04636832740930776,0,0.057171641060402456,0
85095,1,0.891944601052699,1,0.845313242125008,1,0.8997861,1,0.8027395495244299,1,0.7237336699345059,1,0.7258395004172676,1,0.8503976110692403,1,0.8552428037452335,1
19380,1,0.4104838669964232,0,0.48636923209194627,0,0.47711894,0,0.408111175403505,0,0.587078311512857,1,0.4378878388140587,0,0.5715273497187401,1,0.5662737135410337,1
17710,1,0.7704027912255853,1,0.8190028126842344,1,0.8501987,1,0.7902000083547212,1,0.7631056324485688,1,0.6298897717083954,1,0.7858206955002879,1,0.7730563509536318,1
82101,0,0.7383734920631656,1,0.8036646079363122,1,0.8233006,1,0.7707724640216155,1,0.7609669447073936,1,0.6068669955996807,1,0.7081696889210644,1,0.7455892802658726,1
22580,1,0.49607416421759704,0,0.4266895632824238,0,0.44948927,0,0.4601877231166235,0,0.5366542700167928,1,0.6449914009334822,1,0.5296214343433886,1,0.5267658993660248,1
99109,1,0.7999456799118939,1,0.7880916708569214,1,0.8479645,1,0.8528050136070761,1,0.7401945776833141,1,0.8626990001991793,1,0.7731505783871921,1,0.8198109378509211,1
21169,1,0.45370755401328433,0,0.4209978050469554,0,0.44185832,0,0.4512227822325954,0,0.3487764647021237,0,0.3113107120805095,0,0.4781591853002538,0,0.4733911096896059,0
50538,0,0.38233209960723447,0,0.3763430775908119,0,0.2591279,0,0.3658334822805582,0,0.7351016439833756,1,0.384952310921929,0,0.43876019576851705,0,0.4265066910201842,0
17917,0,0.22329309392743799,0,0.2322088910096305,0,0.17736986,0,0.2700917745828832,0,0.2801530439722987,0,0.2645275235764951,0,0.23451559890159385,0,0.18630371383392944,0
93046,0,0.12984329846217732,0,0.310760137099925,0,0.176659,0,0.1788291442879866,0,0.5660179037926567,1,0.4931298338490544,0,0.1100730614829395,0,0.1189564015383479,0
63907,0,0.3639777771263016,0,0.2825350515872537,0,0.2946524,0,0.2959255851037161,0,0.2764082917177855,0,0.2821396824096529,0,0.405547787805628,0,0.38851323076902683,0
49763,1,0.8160443617031609,1,0.7174075103578301,1,0.86770165,1,0.8379283938317992,1,0.8808302262343286,1,0.7777551779953013,1,0.6567053701411067,1,0.7150525800514872,1
35362,1,0.7201890768764069,1,0.76607598624326,1,0.8311693,1,0.7682563026152229,1,0.2895373518847766,0,0.8043863887611441,1,0.6378027987476157,1,0.5331392075286066,1
28031,1,0.3246013285670902,0,0.33251168014288335,0,0.2900341,0,0.2693248072042354,0,0.7262987222238785,1,0.6802368357718012,1,0.48920851777233254,0,0.5512354987053144,1
36504,1,0.3388190684422424,0,0.40165801233723397,0,0.48456293,0,0.3886701344378653,0,0.725961937078244,1,0.7377446577408534,1,0.34002892516776656,0,0.3373385212399019,0
82253,1,0.38960543620394683,0,0.38230609700945134,0,0.35868102,0,0.3498002654885261,0,0.2584891874031514,0,0.3384186894213031,0,0.3252875736615931,0,0.3110341815267908,0
20441,1,0.4660599474518908,0,0.4342462038475074,0,0.4748276,0,0.4207922146103536,0,0.4350243654414172,0,0.2726887033703323,0,0.5254340196014318,1,0.5083577251351836,1
91486,1,0.5441381215370232,1,0.6098720777860631,1,0.7630203,1,0.7128866492158935,1,0.4857951758529232,0,0.4772330825904317,0,0.4399547428881178,0,0.5022043715188897,1
68304,0,0.042802964752965175,0,0.17022256466223246,0,0.054897334,0,0.0970865755574935,0,0.3578083946876179,0,0.2157293373384983,0,0.041361124678679084,0,0.05278643766431593,0
3616,0,0.4146868554283295,0,0.3515766726192263,0,0.44946125,0,0.3725350498797191,0,0.5855007644960636,1,0.427074946029729,0,0.44341849608653794,0,0.5022135703562196,1
81823,1,0.7396838449836495,1,0.8106838561824525,1,0.81230026,1,0.7590200376748757,1,0.8328898763297429,1,0.8007503942823887,1,0.7444162042838414,1,0.7692424853034427,1
26581,1,0.530233062479774,1,0.4614365537502241,0,0.61744213,1,0.5981360597998274,1,0.5600026570866256,1,0.6653983965347725,1,0.5174651892314932,1,0.5035448712822381,1
55372,0,0.5758901414007843,1,0.5116532578780534,1,0.5185331,1,0.6492613160414246,1,0.7162787836099135,1,0.5059356580270775,1,0.5827238666274299,1,0.5592120394846487,1
24358,1,0.7193195402503262,1,0.8326116518566623,1,0.87628776,1,0.8132260962062989,1,0.7439732328812553,1,0.7396930918936807,1,0.7611717328304914,1,0.8426599231329316,1
99384,1,0.6413584994568697,1,0.48352319053019444,0,0.6222631,1,0.6076429673778088,1,0.8211067665953976,1,0.7333563385371334,1,0.6201172962072241,1,0.657939527141488,1
49643,0,0.3031727813816015,0,0.2990657447208089,0,0.3078275,0,0.3092448940783706,0,0.3693700226009547,0,0.399805130014947,0,0.4593935945650232,0,0.5254996797649856,1
18661,0,0.3988020852476836,0,0.3987853596857331,0,0.3599486,0,0.3277355915301454,0,0.3066904156415004,0,0.29214845835308,0,0.44157907191472734,0,0.43136803882422936,0
2385,0,0.42383471204431844,0,0.5061694751749561,1,0.43229783,0,0.4794834160518403,0,0.6868694788075747,1,0.7239936959441432,1,0.45010944603588887,0,0.4982634596077373,0
71894,1,0.5994271177621482,1,0.804607951535099,1,0.85268754,1,0.7546229225125511,1,0.774136728670924,1,0.7777831185289793,1,0.5932292179012568,1,0.6474118189897267,1
96098,1,0.7507354192520064,1,0.6707782254513455,1,0.8184779,1,0.9073265095285644,1,0.3317168769791055,0,0.7660342371925137,1,0.42691829339895454,0,0.44312542348425854,0
47425,1,0.9095627358070042,1,0.8251233933480432,1,0.86372447,1,0.8807301143578657,1,0.5507358516765455,1,0.685072255414043,1,0.8630570081350026,1,0.8723051856899735,1
4622,1,0.9165495437702489,1,0.8359085620083275,1,0.83966,1,0.9145030688825576,1,0.7295281699325783,1,0.8335504824189169,1,0.9185430467849927,1,0.9220523313778821,1
17483,0,0.215222550483379,0,0.23944540109937884,0,0.10023681,0,0.2755863968302335,0,0.2949372472240664,0,0.2987298210579421,0,0.22532200820556633,0,0.19302120352495747,0
81407,0,0.3291407965473167,0,0.27742735181005485,0,0.24160229,0,0.2836856067674917,0,0.2517735852576765,0,0.2227547983184249,0,0.3131328115677138,0,0.2768865158849176,0
19229,1,0.9296615710457136,1,0.8347145729815787,1,0.81598246,1,0.9002023015344328,1,0.6778764098129969,1,0.762450481692387,1,0.9305758515497564,1,0.9232551293039754,1
81705,1,0.6398350618971859,1,0.6228027680748034,1,0.6311988,1,0.6659710903747186,1,0.7518826399988353,1,0.759168890417349,1,0.6739278116158844,1,0.6816937478776903,1
25707,0,0.5430001218684818,1,0.6115399042157842,1,0.5840553,1,0.582420287490832,1,0.7444082337038438,1,0.7914509666899319,1,0.6886187960313683,1,0.7298371458073379,1
59355,0,0.9078724129351882,1,0.8236603434059164,1,0.857958,1,0.903056367581522,1,0.7378629026350493,1,0.8282686093465251,1,0.8839965982003055,1,0.9165241566121464,1
58666,1,0.8248427905364266,1,0.8183884651535126,1,0.84729886,1,0.8556274961055926,1,0.7568728249394984,1,0.6764551730801296,1,0.801153240464872,1,0.8002993580799909,1
30137,1,0.49171514735385397,0,0.42245607729583007,0,0.5227115,1,0.4897979230761964,0,0.3676046679710723,0,0.3598494341658222,0,0.47867733197867335,0,0.45925328136384064,0
