fold,model,accuracy,precision,sensitivity,recall,specificity,f1,roc_auc,pr_auc,tn,fp,fn,tp
0,xgboost_alone,0.7281116362817915,0.7491610738255033,0.6771307249014256,0.6771307249014256,0.7780252412769116,0.7113270670702564,0.7983356109432458,0.7783613159328606,5240,1495,2129,4465
0,quantum_stack,0.7297621727061295,0.7468646864686469,0.686381558993024,0.686381558993024,0.7722345953971789,0.7153469258732416,0.7983451469570658,0.778353404862694,5201,1534,2068,4526
0,control_stack,0.7293870507915072,0.7481309187572687,0.6828935395814377,0.6828935395814377,0.7749072011878247,0.7140252120827717,0.7983171581372821,0.7783365251115257,5219,1516,2091,4503
1,xgboost_alone,0.7337935174069627,0.7527381347494192,0.6878980891719745,0.6878980891719745,0.7787347787347787,0.7188589540412045,0.7983416740241126,0.7829957615249985,5244,1490,2058,4536
1,quantum_stack,0.7334933973589436,0.7490992466426466,0.6936609038519866,0.6936609038519866,0.7724977724977725,0.7203149606299213,0.7983716600641076,0.7831350940018789,5202,1532,2020,4574
1,control_stack,0.7337935174069627,0.7492635024549918,0.6942675159235668,0.6942675159235668,0.7724977724977725,0.7207178841309824,0.7984008241060105,0.7830473519975178,5202,1532,2016,4578
2,xgboost_alone,0.7334933973589436,0.7540080160320641,0.6847133757961783,0.6847133757961783,0.7812592812592812,0.7176919408679066,0.8004167687971145,0.7831296317208567,5261,1473,2079,4515
2,quantum_stack,0.7340186074429772,0.7528611710068005,0.6883530482256597,0.6883530482256597,0.7787347787347787,0.7191634318307851,0.8003974462118228,0.7831992302044136,5244,1490,2055,4539
2,control_stack,0.7334933973589436,0.751404958677686,0.6894146193509251,0.6894146193509251,0.7766557766557767,0.719076241695666,0.8004347851936569,0.7831423898770895,5230,1504,2048,4546
3,xgboost_alone,0.7436974789915967,0.7616930171277997,0.7013952077646345,0.7013952077646345,0.7851202851202851,0.73030159482078,0.813679482810511,0.794505785685292,5287,1447,1969,4625
3,quantum_stack,0.7436224489795918,0.7589242053789731,0.7060964513193813,0.7060964513193813,0.7803682803682803,0.7315578600047136,0.8137095251517453,0.7945305199178969,5255,1479,1938,4656
3,control_stack,0.745048019207683,0.7729757430816536,0.6862299059751289,0.6862299059751289,0.8026433026433026,0.7270244215938304,0.8136782441832487,0.7941308379315911,5405,1329,2069,4525
4,xgboost_alone,0.7328931572629052,0.7502474430880898,0.6897179253867152,0.6897179253867152,0.7751707751707752,0.7187104930467763,0.7951766773422824,0.7776365148927952,5220,1514,2046,4548
4,quantum_stack,0.7319177671068428,0.7533970810266734,0.681073703366697,0.681073703366697,0.7817047817047817,0.7154121863799283,0.7951744928542017,0.7772991355894541,5264,1470,2103,4491
4,control_stack,0.7324429771908764,0.7456994482310938,0.6968456172277828,0.6968456172277828,0.7673002673002673,0.7204452806522421,0.795231176941823,0.7777415488808261,5167,1567,1999,4595
