seed,metric,observed_delta,ci_low,ci_high,ci_includes_zero,bootstrap_p_value,n_resamples_used
42,roc_auc,0.004200420042004049,-0.02519117141035466,0.032204429878084126,True,0.751,2000
42,pr_auc,-0.021056522896605423,-0.06340265229674762,0.02078168203896825,True,0.337,2000
42,roc_auc,0.006500650065006663,-0.02262708265124224,0.03387464073026603,True,0.647,2000
42,pr_auc,0.0008923999404250038,-0.050005618208790285,0.053776854234939664,True,1.0,2000
42,roc_auc,0.01980198019801982,-0.007320412375476417,0.04924257345843123,True,0.185,2000
42,pr_auc,0.023902245336861694,-0.02229301755916874,0.07306251459066676,True,0.359,2000
42,roc_auc,-0.003000300030003067,-0.03195664426625017,0.02773644633904841,True,0.842,2000
42,pr_auc,0.029092890343493716,-0.03970259091291449,0.08876570051657476,True,0.51,2000
42,roc_auc,-0.020002000200020076,-0.06057673124572798,0.020919193610387188,True,0.315,2000
42,pr_auc,-0.038074410313409746,-0.10241057265053657,0.031288559144159185,True,0.297,2000
