id,y_true,classical_lr_proba,classical_lr_pred,baseline_qsvm_proba,baseline_qsvm_pred,mi_adaptive_qsvm_proba,mi_adaptive_qsvm_pred,control_random_features_proba,control_random_features_pred,hybrid_proba,hybrid_pred
59314,1,0.4367308978328164,0,0.2683965973245317,0,0.339054834607032,0,0.3937400574230882,0,0.37492211145619975,0
2907,1,0.7038568441133105,1,0.7219438474742722,1,0.8749006957363522,1,0.7829825442186366,1,0.838418346855596,1
4610,0,0.0722116186565652,0,0.2622204547785944,0,0.353947327852223,0,0.0801734951380962,0,0.03981186597465683,0
29612,0,0.3576741379189818,0,0.3366652050564496,0,0.3427093237404032,0,0.3783306584538425,0,0.36202380087651653,0
81192,1,0.8502933090678185,1,0.8225102803911015,1,0.729786267696047,1,0.8957069439784983,1,0.8940976201293777,1
17985,0,0.6698797685600966,1,0.5433209271703485,1,0.3582338278228338,0,0.6901634896793738,1,0.7682661549466432,1
7821,0,0.1939008585268747,0,0.2494979020956509,0,0.2738035241526619,0,0.19623577700909525,0,0.18101719949857467,0
9964,0,0.292744720157904,0,0.2522267690736079,0,0.2208009102929149,0,0.29580043626529395,0,0.2600548825702884,0
72335,0,0.2531625591704149,0,0.3382831936210602,0,0.279463369646818,0,0.25136906568191947,0,0.18280462842617462,0
96882,0,0.3121321851047083,0,0.3082444462292398,0,0.297178749087132,0,0.3836700646713011,0,0.3814633431406396,0
70742,0,0.4298413343243724,0,0.3407543304743681,0,0.2865908162892622,0,0.45482783775694635,0,0.44733590846858695,0
62486,1,0.6495196768864959,1,0.7461212536575418,1,0.7010135890684046,1,0.6640880164148166,1,0.6531948723994895,1
63328,0,0.211132462201635,0,0.2115640846891024,0,0.3204819782994237,0,0.24174415289466222,0,0.207695158787264,0
55055,0,0.2041536837370648,0,0.2638234611312536,0,0.3453122480513962,0,0.24338524865662745,0,0.26609086322045933,0
85649,1,0.3729236734159986,0,0.2774785970569321,0,0.2668179583873178,0,0.36613685188486855,0,0.3559395230257215,0
62967,0,0.3461618523572601,0,0.5215575503052836,1,0.3951665829097212,0,0.4567359202669658,0,0.3430810360219711,0
39789,1,0.8366769747635044,1,0.7192385833344149,1,0.799627573627797,1,0.846498852567218,1,0.8043445457334147,1
13223,1,0.7862897380718953,1,0.795731817794146,1,0.7094384592891683,1,0.6788105190556897,1,0.7173871854509274,1
63582,1,0.5629887793108868,1,0.6559557234135026,1,0.7311396265249731,1,0.6053834144120229,1,0.5348787316446335,1
51533,1,0.3237527314461912,0,0.190056267891395,0,0.2293692456469032,0,0.32987872583008804,0,0.30663436155456175,0
78234,0,0.3572198502845436,0,0.2835539363147016,0,0.3167816855852726,0,0.3777291348382705,0,0.35233186979276315,0
39340,0,0.3396535065094479,0,0.2784294377158934,0,0.2763948458394511,0,0.38025607612319234,0,0.3293014457854949,0
85132,0,0.3600292867858159,0,0.2926380730051955,0,0.304553890106062,0,0.37572734411723124,0,0.3670600070857466,0
79,1,0.9742842786339057,1,0.6462316203955195,1,0.5808023131332339,1,0.9261643926453669,1,0.9259051952674671,1
64428,0,0.3410145396779437,0,0.2887742522844266,0,0.2603130170960607,0,0.35719480075022464,0,0.3187341358567989,0
98672,1,0.6665209205679893,1,0.5906809875454124,1,0.6922731711578749,1,0.6658072460201099,1,0.5034124189854382,1
48567,0,0.2044282650133377,0,0.3868192916829503,0,0.5454836539084927,1,0.2595818253921102,0,0.27678445471397384,0
81653,1,0.7087341414848164,1,0.782728571083281,1,0.6759732571266663,1,0.73668171307566,1,0.7001481660789062,1
70507,0,0.2045811500228626,0,0.2940315475053694,0,0.2647600887320963,0,0.15725124228276807,0,0.20066881801704836,0
47524,1,0.6945338673567603,1,0.8220322234142535,1,0.7780818488762917,1,0.7294905607230608,1,0.6566555869833814,1
93929,0,0.4081132585961576,0,0.2953680408829752,0,0.2711549833634514,0,0.3971789738456518,0,0.4123336477209629,0
67243,0,0.2938567929261151,0,0.2375024074101787,0,0.2826980760655722,0,0.3350680346301008,0,0.2881049505538893,0
11935,1,0.3543777229906878,0,0.3058483404295275,0,0.3658129267198345,0,0.4132787142702103,0,0.49199708293159866,0
11606,0,0.4649416187260946,0,0.7157469411157248,1,0.811733689386325,1,0.4087091396982197,0,0.4343165485828435,0
74218,1,0.9658630712720678,1,0.6265767476606056,1,0.5077295263265922,1,0.9590894523791179,1,0.9363663045369188,1
98248,1,0.850363067639937,1,0.823111980105599,1,0.8097891125572872,1,0.8137797526242382,1,0.8426077783620103,1
84314,0,0.4641438667441002,0,0.3278564306315676,0,0.3045533826182971,0,0.4821586073915574,0,0.4707953364822523,0
31330,0,0.5081508091400595,1,0.2245277904138533,0,0.3920741828534246,0,0.4202347389603308,0,0.4643881769032119,0
2893,1,0.568735233176296,1,0.771752681689563,1,0.6340470633882812,1,0.5466996167023934,1,0.6661986004411119,1
32736,1,0.864859409590562,1,0.3146571585351102,0,0.374102272353791,0,0.8936313909287507,1,0.8196945688912137,1
7604,1,0.5390038325809813,1,0.7621747032699604,1,0.6339072503524041,1,0.4713350751183585,0,0.48656274937664773,0
6066,0,0.752803770999597,1,0.8332200461543904,1,0.7039189643997099,1,0.760862607469278,1,0.7434994958118863,1
55289,0,0.2596591313361483,0,0.3400936512232986,0,0.2737950738986857,0,0.34282631291310445,0,0.35361853660719383,0
90787,1,0.5607427776089452,1,0.5,1,0.4896740535265496,0,0.5509000474888295,1,0.5289253032938651,1
66264,1,0.3510006348178402,0,0.252519774766772,0,0.2981443869143649,0,0.42882130607608115,0,0.430755838800113,0
70083,1,0.8110267023531821,1,0.770075319613041,1,0.831363551609371,1,0.8045273280702784,1,0.8717801575051599,1
16284,0,0.1380057507085217,0,0.208165045069402,0,0.2470506008486979,0,0.12420040119025486,0,0.07959781386383247,0
38289,1,0.9301170823508372,1,0.4792018777044727,0,0.4832013168885986,0,0.9082999197818377,1,0.920036729170115,1
76890,0,0.2230677371347958,0,0.2491200975039004,0,0.2653248608564327,0,0.27226041278940355,0,0.21394744128894486,0
26273,1,0.7540445529521973,1,0.8670245763912404,1,0.653504109275472,1,0.8298741792461262,1,0.952433172281398,1
17083,0,0.5398413385204657,1,0.4148729273768547,0,0.4043349119610054,0,0.48227141791005335,0,0.5314564976103605,1
63069,0,0.7301898083259977,1,0.8624294568983232,1,0.8064213622665288,1,0.6483042730665918,1,0.7593842197423851,1
94338,0,0.2313215096336922,0,0.2994285259688142,0,0.2553843040842383,0,0.22760650282273934,0,0.15065481577142698,0
10752,1,0.4893252886963731,0,0.397327615330819,0,0.3550881555357375,0,0.5054691272528975,1,0.5014799663302837,1
67160,0,0.2210127256602614,0,0.2818968184992081,0,0.3372795928830995,0,0.23751835819925612,0,0.23248884741272682,0
43939,0,0.1848211301707235,0,0.2763097893970313,0,0.2761972203790491,0,0.19875895463442933,0,0.12786806113083526,0
54962,0,0.3749273142350043,0,0.2879836325452908,0,0.3143851557346593,0,0.367721444845365,0,0.3784118177229,0
24267,1,0.718597401081224,1,0.8037335255714301,1,0.7713142879429771,1,0.7241627196498586,1,0.6655929799485535,1
19509,0,0.7276245212391996,1,0.7213749732381916,1,0.8456310154441153,1,0.7703416510099684,1,0.7742753502839249,1
32311,1,0.5839112466331811,1,0.7188605717364949,1,0.7380349384726409,1,0.6171879105480221,1,0.634734024927134,1
66277,1,0.8879679559343436,1,0.7628768177297132,1,0.8135300374547334,1,0.8885327107971943,1,0.9018557060842761,1
88408,1,0.7576704520718325,1,0.6405156272351534,1,0.8278264369573048,1,0.729035186567162,1,0.7759470910808831,1
4650,0,0.1275632632715477,0,0.2306026614245818,0,0.247241861333878,0,0.11289246221085779,0,0.05491957500695117,0
80265,1,0.3039353456929798,0,0.2827354787834147,0,0.3160024658539998,0,0.2514497679683328,0,0.24339208666025935,0
96460,1,0.6255550958683783,1,0.7228822264847742,1,0.4434760286059871,0,0.6053038121506225,1,0.546015160458378,1
56985,0,0.1070580506553842,0,0.895828723330862,1,0.8124710079005146,1,0.09968677044850442,0,0.18327311103262586,0
92494,1,0.3383477514144853,0,0.4000175185178521,0,0.6926184451243118,1,0.3076462388969803,0,0.3404130323655505,0
3244,0,0.2173478436943837,0,0.2220401283367185,0,0.1787139978485167,0,0.21394834630016793,0,0.14233645455377572,0
77022,1,0.2450370102698915,0,0.2826573176941302,0,0.3355060717718937,0,0.22906768145848636,0,0.23386487923910243,0
23418,1,0.786561464623186,1,0.7404189070496511,1,0.7785016364973618,1,0.7856666404156963,1,0.723393841212861,1
98565,0,0.347644732966473,0,0.2699624887267208,0,0.2850235789015114,0,0.3206156059844928,0,0.29033651157090695,0
55204,0,0.2349839550053314,0,0.469264193466226,0,0.4262287303266258,0,0.16236832390573577,0,0.2527703482787084,0
77177,1,0.7773812322861773,1,0.7989588950079459,1,0.8946059073774221,1,0.7353980625332246,1,0.7336820070708115,1
73858,1,0.748662324186322,1,0.8029248766689278,1,0.7663265559257587,1,0.6947436612262886,1,0.7612891449454796,1
29105,0,0.2971629596712594,0,0.285885059790999,0,0.2876542961141511,0,0.29758374138049587,0,0.2493864428851208,0
50067,1,0.7257929396551628,1,0.7270269778430986,1,0.6005154021572144,1,0.6670340287362907,1,0.723341966829982,1
22254,1,0.4276339093776852,0,0.1986180263748051,0,0.5749572147581163,1,0.3759970186430661,0,0.33624290642881804,0
32591,0,0.2098286196087158,0,0.2732278107741459,0,0.2819703163188208,0,0.2714023714083453,0,0.2321461071657794,0
67875,1,0.7685676444490036,1,0.8233200802688847,1,0.7346525551385574,1,0.6492195682177654,1,0.6603435633870134,1
38034,0,0.5393615395445688,1,0.5265674849164992,1,0.5256129422659163,1,0.5837735232234943,1,0.5703836889194611,1
23298,0,0.3825233479962571,0,0.2768963156709516,0,0.2819559117354884,0,0.3783871219857878,0,0.3669818703628582,0
59395,0,0.4958764769257485,0,0.4537740927437434,0,0.4317254464715814,0,0.5107995927892061,1,0.5222553458519615,1
68464,0,0.4610520889970623,0,0.3956485239142195,0,0.3009711396721116,0,0.45660768888033276,0,0.44497799612872085,0
63289,0,0.2667450504298034,0,0.5200522591397797,1,0.555603364918117,1,0.32169170622807486,0,0.25970740289178756,0
68947,0,0.2240600176663826,0,0.2040047169944689,0,0.1336919496856891,0,0.17497548382647565,0,0.16830624966996843,0
72865,0,0.4447449923578717,0,0.3735457675491266,0,0.3215608323518378,0,0.5138084497155604,1,0.4768780462556105,0
63952,0,0.0566241255625494,0,0.3561202800651255,0,0.1777908493387335,0,0.049253741820804185,0,0.02838127136646401,0
45932,0,0.6086130695723226,1,0.7819106323832803,1,0.7640163252991949,1,0.741662824288563,1,0.7149890539031046,1
82665,0,0.3641309500820995,0,0.7761939589983279,1,0.7339786346504372,1,0.571587243138873,1,0.6291320340435456,1
49862,0,0.6366123991237952,1,0.5514327950834089,1,0.7965436792427998,1,0.6441649433717196,1,0.7369646796762408,1
39527,0,0.2207850479903853,0,0.2806578530976694,0,0.3032533157769695,0,0.2329697035751511,0,0.14304072817603283,0
92202,0,0.732815982073971,1,0.7560804029015307,1,0.8245044063390164,1,0.732762379404553,1,0.7598859395191194,1
92316,1,0.9118647307770252,1,0.4433881904795397,0,0.746737361981553,1,0.9174956467276285,1,0.9033406220005678,1
47170,0,0.479123609162021,0,0.4209468478031634,0,0.5723515636735436,1,0.4702166312664514,0,0.45798523210160524,0
16232,0,0.7175534667331478,1,0.7953654697192766,1,0.7741713559526657,1,0.6832020139275045,1,0.6908154517758448,1
60092,1,0.285893136720435,0,0.3092610604674168,0,0.2764282027686299,0,0.2658502951001781,0,0.2034952926867514,0
18769,0,0.0708581008548671,0,0.5411801741612079,1,0.4480244384174802,0,0.0789105879429726,0,0.13432939211692665,0
80115,1,0.8001416303270725,1,0.7290693331758894,1,0.7647334123724474,1,0.7277949618099462,1,0.7315600248822401,1
98701,1,0.5556778716924667,1,0.743082202128277,1,0.767667623044852,1,0.6040764784258009,1,0.6108392536647709,1
83965,0,0.3592671613330697,0,0.2511109342621428,0,0.2905966089540247,0,0.322985394325219,0,0.3343779064961199,0
53984,0,0.3546108483960376,0,0.2724990723386123,0,0.2888351330464548,0,0.34530716079243934,0,0.3781488317543187,0
2071,1,0.519473226647124,1,0.2532946799522333,0,0.6367974438677804,1,0.47922527043410934,0,0.3939666379469589,0
93470,1,0.6552425932987265,1,0.602078726722708,1,0.7904761722379086,1,0.6793579979093451,1,0.7748959279263414,1
58536,1,0.9012509993224632,1,0.578414548995841,1,0.7588952233513185,1,0.8857712875842816,1,0.865326605895402,1
5760,1,0.2710869710757063,0,0.2171413882076909,0,0.2277409715237843,0,0.21768618105721022,0,0.19590652069814316,0
46412,1,0.7819414226992962,1,0.7163538068308175,1,0.8068912472252171,1,0.759882105455721,1,0.9305157537331403,1
59113,1,0.6166673591120337,1,0.5303797194688105,1,0.6750892956516554,1,0.604970365685189,1,0.46478682085497125,0
79720,0,0.1279132913128507,0,0.2432956464563985,0,0.1740514594193777,0,0.11369699151436456,0,0.05758443184053362,0
68162,1,0.3963763788142142,0,0.3856978564195514,0,0.3182301220763345,0,0.37852774027240543,0,0.4394725136821335,0
17714,0,0.3477886156514437,0,0.2804708332326796,0,0.3535348357713495,0,0.4443394107537937,0,0.4596267148636142,0
5486,1,0.5439363124287008,1,0.648131384114036,1,0.662625332662045,1,0.6541087228089637,1,0.6350122352275273,1
69004,0,0.2392115543525503,0,0.331579545559203,0,0.2130755484279897,0,0.21665985992025585,0,0.1535331195256843,0
70910,1,0.7340041381272628,1,0.7642792224780722,1,0.699846149993962,1,0.6822465990647795,1,0.7562387373829532,1
58965,1,0.8588622588078818,1,0.7541649625743654,1,0.7162058463058817,1,0.8605067688460505,1,0.91927956940625,1
24268,0,0.221436142789434,0,0.2676692038621969,0,0.2773749067799899,0,0.22167721806335533,0,0.14558352143622294,0
68296,0,0.4288400446080577,0,0.5585001267216946,1,0.572840764905197,1,0.386543903817171,0,0.4354713599472696,0
23049,0,0.1567375975422019,0,0.2712549901894488,0,0.240945935548447,0,0.17134476799263865,0,0.12541613702093615,0
13758,1,0.7797555572486885,1,0.8798581205008525,1,0.7783391053773194,1,0.6910905727538218,1,0.8507203956960315,1
45308,0,0.1577499511944709,0,0.2765472224478499,0,0.2095167357468456,0,0.15935361826727143,0,0.0929434176043632,0
66431,0,0.4386608828349483,0,0.6115942935457244,1,0.2807470712796224,0,0.3949485482748344,0,0.45442973024690253,0
92859,0,0.1300081195481198,0,0.2531556475714974,0,0.6065336630458074,1,0.10631339900603579,0,0.04956888445154985,0
41048,1,0.3902942297793939,0,0.6485710746857973,1,0.6640175804095001,1,0.5489125885225565,1,0.7382796237003199,1
40676,1,0.4227768388841713,0,0.3323810165454532,0,0.2785270979758601,0,0.45589552705260633,0,0.43768678104397174,0
73214,1,0.8022361253774835,1,0.7328003788836626,1,0.7606015357101851,1,0.8055508472331393,1,0.7993017134023657,1
10395,1,0.7260463856879971,1,0.7461255270696786,1,0.7325638588586658,1,0.6979552615384171,1,0.670884611507779,1
49308,0,0.4560021134413058,0,0.7665171423444176,1,0.4685828432740808,0,0.2676611692876392,0,0.4157905676621554,0
24473,1,0.9367956062622288,1,0.5614752115243278,1,0.7112834478240168,1,0.8771603193719766,1,0.8596552043821211,1
84780,0,0.5069538694738774,1,0.6232707427972677,1,0.4038760570035069,0,0.5971488341052469,1,0.5415778908005215,1
63440,1,0.1406836839487188,0,0.211880622429794,0,0.2881830091305272,0,0.13908783541669253,0,0.07983867289717379,0
48537,0,0.5654532193287201,1,0.694281262867471,1,0.6891249849293348,1,0.5125063579497965,1,0.609472451586282,1
92425,0,0.2547193130358131,0,0.263722023972291,0,0.2885638802598496,0,0.2625029097951261,0,0.21617684756823577,0
69768,1,0.3190651609312913,0,0.2808373829600391,0,0.2782497028690624,0,0.3243283877178946,0,0.29384360908349905,0
24825,0,0.2621624029584132,0,0.2806991294549161,0,0.2456846757303131,0,0.2929750004244927,0,0.25789071835036703,0
20754,0,0.3216619648415761,0,0.2610657294773784,0,0.2805404484479714,0,0.302027806519008,0,0.26675059438798493,0
98397,1,0.8102269243853227,1,0.6427436175675366,1,0.7109714330036513,1,0.8673730640813354,1,0.8206418304253662,1
95061,1,0.3436563681043837,0,0.6179770348007549,1,0.5,1,0.332548110678071,0,0.39875813798109117,0
59490,1,0.7324951866632099,1,0.8243606057505617,1,0.7483651126079028,1,0.7516650529402306,1,0.7841013338136475,1
98398,1,0.614341668207173,1,0.8202082758124044,1,0.7861363356828547,1,0.5776513383865677,1,0.6507715089021757,1
33298,0,0.6589909756292215,1,0.7682707166504958,1,0.7589239270038363,1,0.5673665038321134,1,0.6450420814698075,1
14622,0,0.1771357290940261,0,0.313444794333424,0,0.5761324090525954,1,0.1274739367045338,0,0.09575422938874198,0
49961,0,0.772710647436972,1,0.8261250560752132,1,0.8327494950754447,1,0.7905899058241843,1,0.8501048715305158,1
34285,1,0.8559215679455212,1,0.7101007147151324,1,0.7248471428304772,1,0.738273438195279,1,0.768405319557018,1
7392,0,0.3866207580759552,0,0.5,1,0.8217633353845386,1,0.4072143475312291,0,0.43991457663475353,0
49463,0,0.4949995274151746,0,0.4801448440293697,0,0.5998060108606725,1,0.48609902379826203,0,0.49466826139090947,0
21332,1,0.8694083241911389,1,0.6600338650735001,1,0.8010296531239757,1,0.8660388887938156,1,0.8809526719204639,1
84828,1,0.7108204757784146,1,0.7478851362318354,1,0.7852962385443846,1,0.693205001407276,1,0.8996592047589366,1
89760,1,0.5776824270303234,1,0.5135645731008943,1,0.4422082918037479,0,0.5521459333851054,1,0.5510014040148367,1
56367,1,0.7379095738539683,1,0.8009804930831648,1,0.7449736039904004,1,0.6553570732833814,1,0.7895521325677717,1
71488,1,0.3922531596507705,0,0.2610712033115684,0,0.283290764662556,0,0.36814526567564654,0,0.38174152336016176,0
41270,0,0.27168036259044,0,0.2563134252751093,0,0.2663216232764322,0,0.21357445704811695,0,0.17853176694263692,0
24225,1,0.632936400261606,1,0.8051149107443596,1,0.7219498576476558,1,0.4904022229898074,0,0.5424308621207086,1
38582,0,0.2275868663601531,0,0.2734173134318171,0,0.6583352373516138,1,0.2565786600629752,0,0.25191948843875867,0
43555,0,0.2234031799239673,0,0.2193369433247592,0,0.2141004079794718,0,0.2540617131274273,0,0.16308181366549482,0
75060,1,0.7547326770570649,1,0.7921158225283181,1,0.7213421422725196,1,0.7558962309033583,1,0.7329344606360645,1
35196,1,0.9116203788851432,1,0.6614846154084904,1,0.6606500380171164,1,0.910222273371708,1,0.7708805771426436,1
98703,0,0.2836560402559601,0,0.328730317933862,0,0.305642664560279,0,0.3148879354314944,0,0.2681847280037339,0
17896,0,0.2093164426293378,0,0.2830770791673093,0,0.2621351115073451,0,0.24699789613158166,0,0.2477660375664318,0
40884,0,0.1312516387347874,0,0.3894315012836778,0,0.2844213041857357,0,0.16870658848483502,0,0.20529087822442324,0
56870,0,0.4468732108501476,0,0.330445238341102,0,0.3049102555340756,0,0.44007340168673215,0,0.45985342783430405,0
37873,0,0.0349922269863557,0,0.2174500906463719,0,0.3678329049871747,0,0.04990942008145564,0,0.036287725118154174,0
85095,1,0.8832948207082016,1,0.7237336699345059,1,0.7258395004172676,1,0.8462841652576694,1,0.8271142924097873,1
19380,1,0.4991373060458878,0,0.587078311512857,1,0.4378878388140587,0,0.5808227102415252,1,0.5170058964805466,1
17710,1,0.783108296842664,1,0.7631056324485688,1,0.6298897717083954,1,0.7760510671070681,1,0.7431143966374242,1
82101,0,0.7329085195556649,1,0.7609669447073936,1,0.6068669955996807,1,0.68665830506779,1,0.6970859144318071,1
22580,1,0.5210999850366768,1,0.5366542700167928,1,0.6449914009334822,1,0.5462863580477963,1,0.5636202724725852,1
99109,1,0.7547901693197759,1,0.7401945776833141,1,0.8626990001991793,1,0.7725402124912303,1,0.8288853190701755,1
21169,1,0.4630554019465309,0,0.3487764647021237,0,0.3113107120805095,0,0.5154473817143519,1,0.4838099363386437,0
50538,0,0.3993338550536687,0,0.7351016439833756,1,0.384952310921929,0,0.46134606658525,0,0.44144744227205174,0
17917,0,0.2321713639948751,0,0.2801530439722987,0,0.2645275235764951,0,0.2353675119007855,0,0.14645065150919542,0
93046,0,0.1273280997358868,0,0.5660179037926567,1,0.4931298338490544,0,0.12105913611441296,0,0.17463122408888238,0
63907,0,0.3979657557339586,0,0.2764082917177855,0,0.2821396824096529,0,0.41575869183171327,0,0.3941232178584467,0
49763,1,0.7717933322163046,1,0.8808302262343286,1,0.7777551779953013,1,0.6237890646835318,1,0.7204048823799784,1
35362,1,0.6166279901802075,1,0.2895373518847766,0,0.8043863887611441,1,0.5743300508479039,1,0.411462202677612,0
28031,1,0.3182125898604744,0,0.7262987222238785,1,0.6802368357718012,1,0.46560417243989594,0,0.5882426927088206,1
36504,1,0.3511376064608594,0,0.725961937078244,1,0.7377446577408534,1,0.3869417054261528,0,0.4403601611300752,0
82253,1,0.3702061175165207,0,0.2584891874031514,0,0.3384186894213031,0,0.35989162502763883,0,0.3535012659141709,0
20441,1,0.5143602391106735,1,0.4350243654414172,0,0.2726887033703323,0,0.5270645448254592,1,0.5018425545500232,1
91486,1,0.5230202500713551,1,0.4857951758529232,0,0.4772330825904317,0,0.43693493625648955,0,0.5186907557126326,1
68304,0,0.0454300081983463,0,0.3578083946876179,0,0.2157293373384983,0,0.04720720117908522,0,0.038703848607475555,0
3616,0,0.3920393884002353,0,0.5855007644960636,1,0.427074946029729,0,0.45121781916937903,0,0.4943690265711332,0
81823,1,0.7484766621756603,1,0.8328898763297429,1,0.8007503942823887,1,0.7472143760955143,1,0.7154763302732959,1
26581,1,0.5274601888827942,1,0.5600026570866256,1,0.6653983965347725,1,0.5291178920528883,1,0.5587129841847267,1
55372,0,0.5085566060536736,1,0.7162787836099135,1,0.5059356580270775,1,0.49328225267664516,0,0.3899720760644923,0
24358,1,0.7503015867538497,1,0.7439732328812553,1,0.7396930918936807,1,0.7463471179792426,1,0.8921066741013554,1
99384,1,0.6567881034828295,1,0.8211067665953976,1,0.7333563385371334,1,0.6154525562673973,1,0.6520015609369066,1
49643,0,0.2875124060996697,0,0.3693700226009547,0,0.399805130014947,0,0.4373087577414052,0,0.4855509970163823,0
18661,0,0.4392363488292724,0,0.3066904156415004,0,0.29214845835308,0,0.439753444753106,0,0.42391071551883425,0
2385,0,0.394213560080529,0,0.6868694788075747,1,0.7239936959441432,1,0.44253772404082115,0,0.4939499846010531,0
71894,1,0.5963370104145013,1,0.774136728670924,1,0.7777831185289793,1,0.582016293379396,1,0.6914753297925654,1
96098,1,0.6159228641935173,1,0.3317168769791055,0,0.7660342371925137,1,0.4498355731208551,0,0.48242638067629107,0
47425,1,0.8744300279860454,1,0.5507358516765455,1,0.685072255414043,1,0.8493023977806693,1,0.8784801012512579,1
4622,1,0.9194404651077086,1,0.7295281699325783,1,0.8335504824189169,1,0.9160647272807937,1,0.8828348510609378,1
17483,0,0.230245992592624,0,0.2949372472240664,0,0.2987298210579421,0,0.2237299745633196,0,0.15734667160928198,0
81407,0,0.3279021224865349,0,0.2517735852576765,0,0.2227547983184249,0,0.3037650117900551,0,0.2764634955791979,0
19229,1,0.9279730986330392,1,0.6778764098129969,1,0.762450481692387,1,0.9336272024102252,1,0.9035617137171357,1
81705,1,0.6620886448916568,1,0.7518826399988353,1,0.759168890417349,1,0.6709179924236099,1,0.6477501266514151,1
25707,0,0.575104115691381,1,0.7444082337038438,1,0.7914509666899319,1,0.6770368121760203,1,0.713070320704487,1
59355,0,0.8919204670666692,1,0.7378629026350493,1,0.8282686093465251,1,0.8926622522684708,1,0.8944121601425962,1
58666,1,0.8160368510144846,1,0.7568728249394984,1,0.6764551730801296,1,0.8113406942409879,1,0.7403759366317783,1
30137,1,0.4916940493684421,0,0.3676046679710723,0,0.3598494341658222,0,0.4935256655451776,0,0.482843152677065,0
