id,y_true,logistic_regression_proba,logistic_regression_pred,rbf_svm_proba,rbf_svm_pred,random_forest_proba,random_forest_pred,xgboost_proba,xgboost_pred,qsvm_proba,qsvm_pred
59314,1,0.41801221451855225,0,0.396804364694133,0,0.39161952811529155,0,0.36254355,0,0.2602260901033073,0
2907,1,0.6487695572850051,1,0.7698911404189646,1,0.8187408740499755,1,0.8152925,1,0.784236597894422,1
4610,0,0.06916109250955918,0,0.0636987344756193,0,0.15595087379482345,0,0.05742819,0,0.26151698898767145,0
29612,0,0.3457416728385674,0,0.2940286429890538,0,0.3305909104186761,0,0.32947406,0,0.2771405272076792,0
81192,1,0.853068140813974,1,0.8692051966179758,1,0.8333169873968942,1,0.8313446,1,0.82625428623582,1
17985,0,0.7394169197029674,1,0.8183980355120928,1,0.8095771580461588,1,0.87277627,1,0.46887992951037666,0
7821,0,0.20432882450617518,0,0.14899329988590176,0,0.20378371564856346,0,0.18277936,0,0.22370254259265906,0
9964,0,0.2892526677982159,0,0.25979639052099,0,0.26010482316149336,0,0.24640433,0,0.2682965745478816,0
72335,0,0.2486907524866961,0,0.2590234805355059,0,0.2561570492766871,0,0.25715104,0,0.2636910912574639,0
96882,0,0.2799018862504536,0,0.21914330404468552,0,0.3208182785617737,0,0.26972568,0,0.27278432399192876,0
70742,0,0.41593259000680505,0,0.3346574114218663,0,0.3897593233203728,0,0.3822713,0,0.26637441882888085,0
62486,1,0.650014377755235,1,0.7265696454676501,1,0.7987614424652731,1,0.8143181,1,0.8496462322334539,1
63328,0,0.1942059073337589,0,0.12730736863600428,0,0.24526491122141464,0,0.15962863,0,0.22655112521901816,0
55055,0,0.21966880578802497,0,0.2594276015209849,0,0.249771543620103,0,0.1614918,0,0.6026272035649407,1
85649,1,0.3601364548773998,0,0.29685009183048094,0,0.31809124064371264,0,0.33838454,0,0.2725783861214217,0
62967,0,0.35386349200546635,0,0.5666889326267223,1,0.4476874229313261,0,0.35136718,0,0.6455374523523233,1
39789,1,0.8440436452520457,1,0.8737179757043512,1,0.8214451077592156,1,0.8351617,1,0.7564775484414968,1
13223,1,0.7851410414668785,1,0.8003097641370571,1,0.7439405169082978,1,0.8472658,1,0.7590308673125471,1
63582,1,0.5869853599184419,1,0.7026576340819221,1,0.5774852160695989,1,0.58832467,1,0.7347826148938923,1
51533,1,0.3236771886172974,0,0.28815910457134386,0,0.2931525318458587,0,0.28213504,0,0.26744245231360486,0
78234,0,0.34573935608803225,0,0.29001019371486625,0,0.31473349115841276,0,0.33147645,0,0.2710674741308585,0
39340,0,0.33390073075586796,0,0.2776760167563962,0,0.27250561797305733,0,0.27441153,0,0.2701011730136842,0
85132,0,0.35425791401129686,0,0.29131686117092725,0,0.282642071320747,0,0.2926289,0,0.2686162899735181,0
79,1,0.9839056683823268,1,0.828519363174407,1,0.8289669869192319,1,0.8873626,1,0.7553424182982142,1
64428,0,0.3293621516948069,0,0.27829124132443644,0,0.29646725967374205,0,0.30897757,0,0.2711597377662668,0
98672,1,0.725139674756431,1,0.7253758102351309,1,0.6887846767797067,1,0.75043845,1,0.7547016255168215,1
48567,0,0.2248539357619315,0,0.2590752720609483,0,0.25905105159462316,0,0.1969704,0,0.44861419394677776,0
81653,1,0.6751142936097118,1,0.7004473409826131,1,0.6618500159647523,1,0.691267,1,0.8038296527804283,1
70507,0,0.2430892741554487,0,0.25997027029701514,0,0.30194690791669543,0,0.28594026,0,0.2599492105238747,0
47524,1,0.6702673925084833,1,0.6621356172645985,1,0.6446126932302086,1,0.6278344,1,0.7945397440139996,1
93929,0,0.39180961212098725,0,0.3364368462008639,0,0.37827101102316196,0,0.3636482,0,0.26906395429528174,0
67243,0,0.29825285953665426,0,0.26444944954430455,0,0.27041146310843134,0,0.26777485,0,0.2749765826912112,0
11935,1,0.3351685703517387,0,0.3609888865572514,0,0.3807640474500523,0,0.33607545,0,0.5225151095169723,1
11606,0,0.46366797585312786,0,0.4282885984339669,0,0.36846637381115677,0,0.39743853,0,0.398014590344655,0
74218,1,0.9735382052280798,1,0.833075608062732,1,0.8244154727031328,1,0.8131754,1,0.8253818290361097,1
98248,1,0.8816435600038266,1,0.9031210498558625,1,0.8075323528640757,1,0.8585658,1,0.8041331146160973,1
84314,0,0.44986489439639704,0,0.37603387664176907,0,0.40887657954078077,0,0.42973915,0,0.2929533969026311,0
31330,0,0.49839150230357804,0,0.46208599238614123,0,0.396110515491997,0,0.43441328,0,0.41113741615899063,0
2893,1,0.6451862195513791,1,0.7142084084256317,1,0.7106379502336057,1,0.7754156,1,0.7412165183324555,1
32736,1,0.8359487829318253,1,0.7648074643808739,1,0.8294436623040506,1,0.8359157,1,0.8614012913794142,1
7604,1,0.5285830955689257,1,0.6785548347572475,1,0.5127971097917613,1,0.48290682,0,0.6048539732163878,1
6066,0,0.7620925518235108,1,0.7728669488329672,1,0.7856606995570574,1,0.8089164,1,0.7549885275402691,1
55289,0,0.21316276835257258,0,0.12278054064440218,0,0.31322856824771683,0,0.19937247,0,0.20586997002346444,0
90787,1,0.5739017999630264,1,0.5626629965022182,1,0.5464681557308119,1,0.53668875,1,0.4089481554205162,0
66264,1,0.31825138048878665,0,0.2440890718138468,0,0.3831292103795964,0,0.3731998,0,0.26391772345149256,0
70083,1,0.8602746314162146,1,0.8995812968483423,1,0.8072756159472454,1,0.847679,1,0.7755456996012469,1
16284,0,0.1485254034451438,0,0.13088177265780593,0,0.1843240336241947,0,0.13959318,0,0.25731717579531216,0
38289,1,0.9381864717916747,1,0.8520865929813781,1,0.8167160477039351,1,0.82765216,1,0.761693267398976,1
76890,0,0.20104696210701342,0,0.12710715622329485,0,0.2397245961519073,0,0.19686347,0,0.2394410383307869,0
26273,1,0.7563965846276873,1,0.8610669486670706,1,0.8345959947861462,1,0.87358946,1,0.5078274762868372,1
17083,0,0.5211049210764044,1,0.5,1,0.4212622065040934,0,0.42275792,0,0.4541063223462733,0
63069,0,0.7026129482428383,1,0.7687716382081511,1,0.7123643207432938,1,0.811684,1,0.8359460345741779,1
94338,0,0.22965254958017114,0,0.26803465678386335,0,0.24437638128029288,0,0.17680232,0,0.2615977822455556,0
10752,1,0.4707033041593404,0,0.4434299124686834,0,0.41338413653198713,0,0.43118507,0,0.39589791763307763,0
67160,0,0.2371872619078679,0,0.18389245918198718,0,0.24805455064803486,0,0.22172676,0,0.20363689419587577,0
43939,0,0.1620486910290189,0,0.10923252529619029,0,0.21725211298813737,0,0.1511298,0,0.2573171558439509,0
54962,0,0.36409055261459955,0,0.3019341315066927,0,0.3313268412121849,0,0.35577065,0,0.27279341393856277,0
24267,1,0.7607431415137269,1,0.7761347068428593,1,0.7305160397149141,1,0.77525723,1,0.7707357586216123,1
19509,0,0.7397427833181152,1,0.7884944094871572,1,0.8148369232762738,1,0.83023024,1,0.7325001801940207,1
32311,1,0.5547616126865496,1,0.5581846285999007,1,0.5751103025447882,1,0.5419002,1,0.6572928998506996,1
66277,1,0.895112468980711,1,0.908412115408233,1,0.8194837332556283,1,0.82833976,1,0.7463152589923844,1
88408,1,0.7376124654348559,1,0.7321782580859905,1,0.7977751133363683,1,0.764712,1,0.7473388165996063,1
4650,0,0.13642005992724915,0,0.13443539620110442,0,0.18344540291026198,0,0.11307166,0,0.26490934433966873,0
80265,1,0.33718968381386877,0,0.2732784489806753,0,0.2784039534048357,0,0.30532974,0,0.239971058955774,0
96460,1,0.61538828148934,1,0.7428781264903029,1,0.5142601439968774,1,0.6476801,1,0.7388050849133098,1
56985,0,0.10091075317198385,0,0.14264508358655853,0,0.32792405972529265,0,0.22439767,0,0.31401835106338144,0
92494,1,0.30889316080864454,0,0.27479297710755246,0,0.30360907568864925,0,0.24245737,0,0.35182784931515243,0
3244,0,0.21623705171380042,0,0.2719130521108571,0,0.22754173828390667,0,0.12884165,0,0.22773794934086475,0
77022,1,0.2496382234493285,0,0.19279801910267777,0,0.2658807413669365,0,0.24860457,0,0.25468750453089595,0
23418,1,0.820763830256564,1,0.8360472695815259,1,0.7577109906980016,1,0.79833424,1,0.7681716622299226,1
98565,0,0.3489321833521327,0,0.2888066518012072,0,0.2875547573052775,0,0.28513688,0,0.27272755051590986,0
55204,0,0.257373697758543,0,0.37487043918838975,0,0.322667252424516,0,0.24245863,0,0.21424942468785618,0
77177,1,0.7545349077629226,1,0.7212445345736584,1,0.70582181279082,1,0.6928912,1,0.7836544962333033,1
73858,1,0.7242299822238185,1,0.7646901504808459,1,0.7092136044411826,1,0.80330944,1,0.8059516549933095,1
29105,0,0.2778923873796258,0,0.2540651871786556,0,0.25952565906655856,0,0.21669514,0,0.27010902010178234,0
50067,1,0.7265658048362542,1,0.7548940863700508,1,0.7882432044791243,1,0.78783864,1,0.748106416123679,1
22254,1,0.4917020285955642,0,0.719485948893346,1,0.6516118254629513,1,0.7502325,1,0.42020680374650643,0
32591,0,0.19143326317797124,0,0.1993317004796195,0,0.24039307667717452,0,0.190225,0,0.2743831066039888,0
67875,1,0.8328394416105686,1,0.7934984666346423,1,0.7269109967631975,1,0.80179065,1,0.7637737532829462,1
38034,0,0.5206094294662802,1,0.5427358120254607,1,0.4456280132347763,0,0.55276346,1,0.6451305797861101,1
23298,0,0.3718397487620713,0,0.28838599130409015,0,0.31574079213643175,0,0.3304749,0,0.26820051572849307,0
59395,0,0.47366883548496896,0,0.4631630383494937,0,0.4239603877057269,0,0.45168117,0,0.5328812140124085,1
68464,0,0.44832625292777145,0,0.396601465178007,0,0.42012018994125594,0,0.46266982,0,0.3629332150888937,0
63289,0,0.23144928547000324,0,0.30522366091060266,0,0.3459417706819526,0,0.1977314,0,0.40339778348376104,0
68947,0,0.23183808730240926,0,0.2796765903896221,0,0.2648640634313361,0,0.24102372,0,0.1884986387565047,0
72865,0,0.43244549588132447,0,0.38047970913915696,0,0.39628415786302346,0,0.40457475,0,0.28527106730003293,0
63952,0,0.0635874574876086,0,0.09635566829212582,0,0.1490133563109648,0,0.05044639,0,0.2617968589766914,0
45932,0,0.5982267967295797,1,0.7055366230463386,1,0.5829433526837263,1,0.577936,1,0.7709928443282574,1
82665,0,0.3977996727234549,0,0.4797944339675786,0,0.46381585942687886,0,0.43539006,0,0.7226686799793597,1
49862,0,0.6495029997010744,1,0.7434531206255334,1,0.8178144054662514,1,0.85011214,1,0.7659016585253166,1
39527,0,0.22186803188648327,0,0.2711498933405684,0,0.24436282434954185,0,0.16196288,0,0.2671707283445579,0
92202,0,0.7382468276399985,1,0.753381511171241,1,0.8075012696860268,1,0.8115596,1,0.7927671332396247,1
92316,1,0.9112006890609984,1,0.8142436400617431,1,0.8255656541917479,1,0.8429268,1,0.8730746765524549,1
47170,0,0.5024625354280579,1,0.47961927066415927,0,0.5105637439648357,1,0.49612778,0,0.3527678214073778,0
16232,0,0.7124910091837223,1,0.7368856597305059,1,0.8113234721744895,1,0.8296142,1,0.7632802807598721,1
60092,1,0.2902362448682482,0,0.2570341453344791,0,0.28245468007424895,0,0.28256252,0,0.272695872969368,0
18769,0,0.06869144528617267,0,0.07519680851939789,0,0.24568594468022895,0,0.097629055,0,0.27302798076438417,0
80115,1,0.8536069901659982,1,0.8550663612729122,1,0.7483175393814057,1,0.8387445,1,0.7106165917655034,1
98701,1,0.5277372214090135,1,0.5448174691053531,1,0.577913692229949,1,0.5431073,1,0.6146852093888421,1
83965,0,0.39030876519796903,0,0.35727525522400866,0,0.37276954564462356,0,0.37072584,0,0.22287101083722535,0
53984,0,0.365628795266913,0,0.298351083402825,0,0.3669008512108548,0,0.33188307,0,0.26454988320250367,0
2071,1,0.584381731182959,1,0.6990461546092217,1,0.6757006806845237,1,0.75874835,1,0.4400724992995148,0
93470,1,0.6704140265069218,1,0.7334772131507101,1,0.8116955062434287,1,0.8185584,1,0.7819336788604858,1
58536,1,0.9207583152812412,1,0.8984848967528521,1,0.8404444410186832,1,0.9064393,1,0.7575876315876512,1
5760,1,0.3126823216528341,0,0.29276963220818003,0,0.2849511835321539,0,0.29288855,0,0.2145953713817321,0
46412,1,0.7863906293027091,1,0.8629397491399682,1,0.817568642119546,1,0.8795599,1,0.8424413225358613,1
59113,1,0.6717848758448574,1,0.7110635192415048,1,0.678528482187925,1,0.74272496,1,0.7395748690580974,1
79720,0,0.1346963594498369,0,0.12074416287231388,0,0.16890851152845743,0,0.11290261,0,0.2708565995638993,0
68162,1,0.3984073777370317,0,0.45713688077120723,0,0.377766033760913,0,0.43758932,0,0.7736563766946302,1
17714,0,0.275484383338869,0,0.1673351060188787,0,0.38383296689809243,0,0.28047916,0,0.36313752389487935,0
5486,1,0.4858862761881141,0,0.44251397293699024,0,0.5271903502450805,1,0.53529197,1,0.5885764661027467,1
69004,0,0.23568199846677101,0,0.2587833025148278,0,0.24270571257145468,0,0.16137703,0,0.2584391504030623,0
70910,1,0.7383312847109584,1,0.760609746239433,1,0.7966752745131306,1,0.7991437,1,0.7594123551510968,1
58965,1,0.8715903271327315,1,0.9223305668301393,1,0.8208834905980931,1,0.85194266,1,0.7861085946587221,1
24268,0,0.22269964433403638,0,0.2702047368082003,0,0.24436282434954185,0,0.16399653,0,0.26924573087655895,0
68296,0,0.42299259679905454,0,0.43222466674529403,0,0.36744356165413045,0,0.41303086,0,0.4093193563360428,0
23049,0,0.1552340720670972,0,0.1238712300393326,0,0.20224630981914085,0,0.16063543,0,0.2650200512664279,0
13758,1,0.8053172910154643,1,0.8756028084655081,1,0.8351114546502526,1,0.8982793,1,0.8504591821436022,1
45308,0,0.14064846260872654,0,0.11958673709633146,0,0.21447018710358834,0,0.13479197,0,0.2509209647893067,0
66431,0,0.44849539932594545,0,0.549534706853698,1,0.42370862047737273,0,0.4222366,0,0.6080761526396665,1
92859,0,0.13494108918718423,0,0.1275202702273588,0,0.18146833565162035,0,0.1201028,0,0.2714984972995789,0
41048,1,0.4330992443291032,0,0.5214007480130859,1,0.5766797491483429,1,0.53222126,1,0.46455781361040555,0
40676,1,0.4083622618826182,0,0.32321419311033345,0,0.38030050638806634,0,0.3551727,0,0.263944054482349,0
73214,1,0.8233996464073552,1,0.8448596879709976,1,0.8228968157226069,1,0.8802868,1,0.8070556660942856,1
10395,1,0.768206106760762,1,0.7954358328361776,1,0.7490270254205159,1,0.8000333,1,0.7025070146361421,1
49308,0,0.5340911667397055,1,0.6330206295149826,1,0.4634439779875757,0,0.60191816,1,0.761892488179025,1
24473,1,0.9423051878960323,1,0.8057481905799734,1,0.8223272471029537,1,0.85695124,1,0.8202393024084942,1
84780,0,0.4814570435300298,0,0.47585649566513244,0,0.45048478176190637,0,0.43322927,0,0.7830983968255399,1
63440,1,0.14992639059989665,0,0.1296729388287185,0,0.18128059263975815,0,0.13074759,0,0.2603765523776472,0
48537,0,0.6378682096338613,1,0.782034107658723,1,0.6148321069027787,1,0.7197457,1,0.7681494821032556,1
92425,0,0.2583651552597272,0,0.27303271405460683,0,0.2720100358344946,0,0.19503397,0,0.3412220590202047,0
69768,1,0.3001122031346133,0,0.2647225877614212,0,0.27201129067969076,0,0.26614004,0,0.26976167345727947,0
24825,0,0.24616538527061427,0,0.2561483836375086,0,0.2468831151818311,0,0.15279096,0,0.2638762354626093,0
20754,0,0.3276328910306773,0,0.2772798253995302,0,0.287457755260332,0,0.2907107,0,0.27198524394769885,0
98397,1,0.8380160509376976,1,0.774351702456203,1,0.8054846890143214,1,0.7699309,1,0.7931681404497848,1
95061,1,0.3373437942643862,0,0.3760076742533472,0,0.40506380004271986,0,0.48677832,0,0.6600834690434854,1
59490,1,0.7522785636145081,1,0.7985368114637365,1,0.8019366342253847,1,0.83568156,1,0.7653996311742474,1
98398,1,0.6536466802366375,1,0.8869734575301306,1,0.810609701032009,1,0.8883818,1,0.8033871804151445,1
33298,0,0.6477247182813471,1,0.724781583860147,1,0.6084597590647153,1,0.66867054,1,0.7504987654952926,1
14622,0,0.18633103844300686,0,0.2808403735141974,0,0.25037730025747545,0,0.18388802,0,0.24617319922810632,0
49961,0,0.7909355467921886,1,0.8397739821852903,1,0.8131791658748487,1,0.87639636,1,0.7346371625272899,1
34285,1,0.8734906108510065,1,0.8153595968078298,1,0.788973990339942,1,0.80579406,1,0.7716680097333223,1
7392,0,0.4412611771086969,0,0.49470209747693755,0,0.4985018264206142,0,0.44584578,0,0.5127219604746305,1
49463,0,0.5272144757852265,1,0.513009711555427,1,0.5132838750898954,1,0.47716975,0,0.36056111949598857,0
21332,1,0.8510695285290582,1,0.8046321568782228,1,0.810623657115434,1,0.8131205,1,0.7655105150565328,1
84828,1,0.7856842236807008,1,0.9389313508635854,1,0.8363458695014441,1,0.87746227,1,0.7995265419503533,1
89760,1,0.6098113636617727,1,0.6171178871629158,1,0.5544832081932165,1,0.5843398,1,0.46777798159208483,0
56367,1,0.7852075713636334,1,0.8900760153216218,1,0.8019690097261877,1,0.8578092,1,0.7968104351423708,1
71488,1,0.4286107997100237,0,0.41179263483829415,0,0.3970058823979012,0,0.441596,0,0.26694978496244776,0
41270,0,0.3031090073871802,0,0.26024251822816813,0,0.24521991395563048,0,0.2543437,0,0.21638255838799594,0
24225,1,0.6555175489381104,1,0.7691272797458582,1,0.6908449806566702,1,0.78141433,1,0.7101712635725757,1
38582,0,0.21180567805985612,0,0.18874199702035324,0,0.37929136341298386,0,0.37879878,0,0.2652733616252312,0
43555,0,0.22989593358436386,0,0.26794405452412706,0,0.2442771304651174,0,0.1498577,0,0.2577224256073436,0
75060,1,0.7476567551215244,1,0.7718266253373313,1,0.81797906217912,1,0.83337843,1,0.7895900765189873,1
35196,1,0.9302673143440778,1,0.824839324411206,1,0.816670078120419,1,0.8185659,1,0.7867165105851153,1
98703,0,0.2883443879621011,0,0.26528061833284583,0,0.2603204210900431,0,0.1943603,0,0.2728457158502402,0
17896,0,0.1983689028635711,0,0.14813323953474736,0,0.2699676675901844,0,0.21250294,0,0.22203228368763814,0
40884,0,0.13496899062927412,0,0.12667020425789594,0,0.2434173735073952,0,0.19188245,0,0.22495384523955925,0
56870,0,0.43019281825699246,0,0.3802182738297075,0,0.40289162733440403,0,0.4258142,0,0.2914372373030482,0
37873,0,0.03111131202325626,0,0.033745011094548874,0,0.15599135093943586,0,0.052861914,0,0.24958342555057098,0
85095,1,0.8782300115637245,1,0.8191861095239523,1,0.8228576378241821,1,0.8543293,1,0.7011328849833569,1
19380,1,0.4080501430499707,0,0.4187471326745226,0,0.5410094067967465,1,0.51852787,1,0.44688329936552174,0
17710,1,0.7752435720997305,1,0.7957846607880183,1,0.8229361135945928,1,0.854154,1,0.8157507457864933,1
82101,0,0.7410486084739664,1,0.7742349686537024,1,0.8017573725557979,1,0.8041692,1,0.7604373098610191,1
22580,1,0.5125497460335836,1,0.5086684773927687,1,0.44618957490309374,0,0.50775146,1,0.4531930316775683,0
99109,1,0.8050209012180214,1,0.8659637996068557,1,0.808540583988158,1,0.8605268,1,0.8047926504766457,1
21169,1,0.4390642297651003,0,0.4358102804959971,0,0.41974053657434673,0,0.40816343,0,0.3311999594163961,0
50538,0,0.36368045795270454,0,0.3324627930676974,0,0.37201599741008146,0,0.31269774,0,0.42401737395218186,0
17917,0,0.22815901482696813,0,0.26565700609832715,0,0.23804108922434428,0,0.17935976,0,0.25585913532081705,0
93046,0,0.13928215007003483,0,0.14545353623311433,0,0.27764342998714653,0,0.15448421,0,0.22037665118438826,0
63907,0,0.38842975213254877,0,0.303472353847055,0,0.32444386413541243,0,0.3412523,0,0.271697854951724,0
49763,1,0.8234844170243772,1,0.8357237664995966,1,0.7395667413931496,1,0.8834374,1,0.7335364339498658,1
35362,1,0.7086472959679891,1,0.7599034787390984,1,0.7555524705491472,1,0.8115207,1,0.4916601684200057,0
28031,1,0.36064585893166795,0,0.3600060643101736,0,0.3533206627267305,0,0.3279811,0,0.6496953140053839,1
36504,1,0.3568806136050085,0,0.40673298811970704,0,0.4074677061305747,0,0.5257159,1,0.5,1
82253,1,0.4105984668110981,0,0.3851385560926818,0,0.3694599377761028,0,0.37160257,0,0.23260309111379862,0
20441,1,0.4920862871169506,0,0.4470691402138129,0,0.42386820996124797,0,0.46382546,0,0.5053748488744085,1
91486,1,0.5200373275696798,1,0.6973989711976245,1,0.5484618526451357,1,0.6201193,1,0.7565199579207033,1
68304,0,0.045547048354574765,0,0.05648474536411609,0,0.162966136365413,0,0.06396493,0,0.24683959519531917,0
3616,0,0.41197623953639795,0,0.4475223449127081,0,0.4172163073002218,0,0.45196253,0,0.5663462735510064,1
81823,1,0.7490817229189681,1,0.7599607736873067,1,0.8152260369054777,1,0.82968295,1,0.805472879455754,1
26581,1,0.5207910372633665,1,0.5811010243432054,1,0.4493942103904713,0,0.5449127,1,0.5167799480751908,1
55372,0,0.5475372032154728,1,0.6554974986548656,1,0.5036310845052183,1,0.5284186,1,0.7585884056982135,1
24358,1,0.7153866911265248,1,0.8135732859934734,1,0.8394269943085395,1,0.8839491,1,0.8079024763747541,1
99384,1,0.6373707324805153,1,0.6601618074472783,1,0.510831100579229,1,0.6073014,1,0.766362319345104,1
49643,0,0.31773692834604617,0,0.31429717335306806,0,0.3586534979538268,0,0.34770438,0,0.35130266288573203,0
18661,0,0.42429816605660076,0,0.3435337579620909,0,0.39115514436441484,0,0.39040622,0,0.2795627104119423,0
2385,0,0.43930143425165286,0,0.48857829374034567,0,0.5253093514909366,1,0.5009966,1,0.5232074128332915,1
71894,1,0.6074855169312361,1,0.7319700180369638,1,0.8083743026588418,1,0.8284826,1,0.7446013572479186,1
96098,1,0.7712387573348335,1,0.912209311774502,1,0.6608686942751663,1,0.81677216,1,0.5162110380226964,1
47425,1,0.9087875547068838,1,0.8631561753039145,1,0.8182706054263295,1,0.860071,1,0.7889495952789994,1
4622,1,0.9222030245782842,1,0.9052774522323084,1,0.8339119515481745,1,0.83693326,1,0.7250920846786778,1
17483,0,0.232205955095759,0,0.27026363120428754,0,0.24783160658716108,0,0.15346156,0,0.2778905005679346,0
81407,0,0.3285470837123178,0,0.27180396738830714,0,0.2674256575879294,0,0.24132673,0,0.2747564031379456,0
19229,1,0.9314296053757154,1,0.899160693510743,1,0.8301229564241925,1,0.8141228,1,0.6391258324474148,1
81705,1,0.6387393448760578,1,0.6616701205246276,1,0.6324632691617379,1,0.6194943,1,0.6177813636449517,1
25707,0,0.5657548746479799,1,0.6225865903285148,1,0.6108864397304179,1,0.58842087,1,0.7254716945138215,1
59355,0,0.9015318714559102,1,0.9077194703662099,1,0.8075540781243304,1,0.82033163,1,0.7639964809845823,1
58666,1,0.8197791900283002,1,0.8471398803393081,1,0.8165857676781269,1,0.8347502,1,0.7913152807510093,1
30137,1,0.4809723251966996,0,0.5,1,0.4326206334385875,0,0.48287252,0,0.3571642571122196,0
