id,y_true,pca_only_xgboost_proba,pca_only_xgboost_pred,pca_only_logreg_proba,pca_only_logreg_pred,quantum_xgboost_proba,quantum_xgboost_pred,quantum_logreg_proba,quantum_logreg_pred,control_xgboost_proba,control_xgboost_pred,control_logreg_proba,control_logreg_pred,best_classical_xgboost_full_features_proba,best_classical_xgboost_full_features_pred
59314,1,0.33724356,0,0.4121094976098499,0,0.33315134,0,0.3891531703083819,0,0.3161314,0,0.376544375628101,0,0.39290884,0
2907,1,0.8592342,1,0.7758901364648525,1,0.8675852,1,0.8606351666078866,1,0.8735775,1,0.8323177484018375,1,0.81661737,1
4610,0,0.060901742,0,0.07410764520636373,0,0.06186225,0,0.07048464372539967,0,0.081873,0,0.07002099448779654,0,0.059147876,0
29612,0,0.27311957,0,0.3660132410864002,0,0.26223677,0,0.3237713040719694,0,0.25365138,0,0.32026084239961466,0,0.26728922,0
81192,1,0.8447062,1,0.9012401254952658,1,0.8705824,1,0.8837358759481692,1,0.8384244,1,0.9017097746846727,1,0.83365315,1
17985,0,0.7463678,1,0.7489108833319876,1,0.8205967,1,0.7655034035332,1,0.76846856,1,0.7733391934181887,1,0.8512039,1
7821,0,0.20667449,0,0.18155646975132048,0,0.18641606,0,0.14937349493850827,0,0.20754936,0,0.1635904948138422,0,0.17218065,0
9964,0,0.2177628,0,0.29744404575892525,0,0.20773536,0,0.24360394602493096,0,0.22828928,0,0.2750936800448709,0,0.24704522,0
72335,0,0.19033818,0,0.2538803398538253,0,0.19484612,0,0.20511995751410317,0,0.20860006,0,0.24928825209644695,0,0.22185656,0
96882,0,0.29992053,0,0.40826545437709877,0,0.31199855,0,0.35962225706667994,0,0.30924776,0,0.3662564808772865,0,0.20995131,0
70742,0,0.3703597,0,0.4397105979260007,0,0.38183647,0,0.40854892838211077,0,0.338765,0,0.4065202282565231,0,0.3649072,0
62486,1,0.74232686,1,0.6577484501838484,1,0.7595604,1,0.6602151478116548,1,0.76013947,1,0.6723048200395818,1,0.8022353,1
63328,0,0.17998587,0,0.2362396065921521,0,0.18257548,0,0.19520458113459346,0,0.18829222,0,0.23559360055101566,0,0.1589023,0
55055,0,0.28249517,0,0.264340890126286,0,0.2793593,0,0.3789640692935839,0,0.2888968,0,0.29892513712874597,0,0.16300675,0
85649,1,0.2966693,0,0.3750481051159407,0,0.30642647,0,0.3249094398613245,0,0.3023219,0,0.3323089333810442,0,0.29403484,0
62967,0,0.50033456,1,0.5397254309314621,1,0.47486398,0,0.6215079135258321,1,0.5424884,1,0.5413180301546088,1,0.36926922,0
39789,1,0.8318007,1,0.8285977717843082,1,0.82748604,1,0.8601571436464088,1,0.83545434,1,0.8133717997602765,1,0.8566537,1
13223,1,0.80953544,1,0.7034858169972306,1,0.8248369,1,0.7703050639127925,1,0.83978575,1,0.725027441430078,1,0.8820055,1
63582,1,0.635078,1,0.6559829514208525,1,0.6223421,1,0.6762616702242773,1,0.6478602,1,0.6309641877622547,1,0.58148396,1
51533,1,0.21207538,0,0.3208070991831236,0,0.19962788,0,0.2987123043750377,0,0.22151336,0,0.3259616773614819,0,0.24400997,0
78234,0,0.26661888,0,0.3636080030192956,0,0.25849193,0,0.31745166883751713,0,0.285856,0,0.3186514877846122,0,0.29844588,0
39340,0,0.258427,0,0.3437283900838535,0,0.2630668,0,0.2885409439637575,0,0.26182827,0,0.3102116952715379,0,0.22191417,0
85132,0,0.27918178,0,0.36661560406194804,0,0.27241352,0,0.31367275305642184,0,0.2665528,0,0.3269083184263705,0,0.24516848,0
79,1,0.86540806,1,0.9421725703027815,1,0.87229955,1,0.8996979232722621,1,0.84808874,1,0.9511924839783583,1,0.8997685,1
64428,0,0.24877247,0,0.3450438953149826,0,0.24385655,0,0.29540709319498987,0,0.21855573,0,0.30252884396531476,0,0.26546457,0
98672,1,0.6911402,1,0.7013157636680584,1,0.6928064,1,0.7025934467279773,1,0.6487214,1,0.6731010397745463,1,0.75287884,1
48567,0,0.3173094,0,0.2744526954921453,0,0.3153324,0,0.38191394782406873,0,0.30767167,0,0.2928811586819569,0,0.21481758,0
81653,1,0.7500052,1,0.738168112399914,1,0.74615574,1,0.7611326505197228,1,0.7835353,1,0.7327381538409934,1,0.68972695,1
70507,0,0.23176208,0,0.15518652665117638,0,0.2652181,0,0.1734950479485186,0,0.29146412,0,0.21351472815262623,0,0.28023958,0
47524,1,0.7539322,1,0.7215755181959854,1,0.73702604,1,0.7801159840396911,1,0.70243406,1,0.6811638354395524,1,0.5976119,1
93929,0,0.36348164,0,0.4138626593802717,0,0.35774696,0,0.3812026853185329,0,0.3739626,0,0.3741019264034199,0,0.36332414,0
67243,0,0.26637682,0,0.3015466253799414,0,0.26399568,0,0.2481076548927207,0,0.27469844,0,0.292091696376598,0,0.24722175,0
11935,1,0.39975753,0,0.43606658943299526,0,0.41835812,0,0.473716019128328,0,0.41767758,0,0.4225669614790659,0,0.3117507,0
11606,0,0.3749325,0,0.4052171415150046,0,0.3991208,0,0.4514459214253926,0,0.33768976,0,0.37077484489531537,0,0.36045945,0
74218,1,0.8902632,1,0.960902869914258,1,0.87281144,1,0.9096866896610206,1,0.8736179,1,0.9760621233360792,1,0.8750988,1
98248,1,0.86657935,1,0.8161740703288216,1,0.8547573,1,0.8720080140282092,1,0.8456571,1,0.8438950220275248,1,0.8652805,1
84314,0,0.3807088,0,0.47191410866951294,0,0.40507624,0,0.44567863139887354,0,0.3841384,0,0.4476309321918293,0,0.3723327,0
31330,0,0.41213658,0,0.44349020017587015,0,0.39102486,0,0.4879156415617832,0,0.408401,0,0.4030216214958997,0,0.42159325,0
2893,1,0.69720554,1,0.5946306839000571,1,0.69107014,1,0.6161430177270484,1,0.7221381,1,0.5632183391845723,1,0.76867795,1
32736,1,0.8614615,1,0.8999616405676053,1,0.86075205,1,0.8868375108722195,1,0.87981033,1,0.8900070948169747,1,0.85681486,1
7604,1,0.57375604,1,0.462581223958082,0,0.57149845,1,0.5337037996226958,1,0.6237499,1,0.44219028570097285,0,0.6366637,1
6066,0,0.80667347,1,0.7378866800553268,1,0.7840121,1,0.8132100976812824,1,0.7906839,1,0.720033848615929,1,0.7251606,1
55289,0,0.27080426,0,0.32745461780784146,0,0.26946887,0,0.294065159464053,0,0.24673165,0,0.2932871101817827,0,0.15696675,0
90787,1,0.520934,1,0.5343837942301484,1,0.51031446,1,0.5234201343293283,1,0.5726262,1,0.5017930087864106,1,0.5170894,1
66264,1,0.33836815,0,0.3902797146905712,0,0.36688444,0,0.35990830614287933,0,0.3678423,0,0.37311168691730845,0,0.33972037,0
70083,1,0.8599973,1,0.82563537281948,1,0.877373,1,0.8519345382499893,1,0.85339326,1,0.8377681129884729,1,0.8539849,1
16284,0,0.10473678,0,0.12627023040053187,0,0.11273678,0,0.10244221143613721,0,0.09342593,0,0.12223291363947222,0,0.11279644,0
38289,1,0.85226583,1,0.9292457735026254,1,0.89240986,1,0.851243917857047,1,0.87921214,1,0.9385043047498998,1,0.84419984,1
76890,0,0.19371332,0,0.24786126008826154,0,0.22918883,0,0.1964373038528109,0,0.21837145,0,0.23365668363764902,0,0.19631208,0
26273,1,0.87639177,1,0.8472812778506126,1,0.87682265,1,0.8334345848187947,1,0.910486,1,0.885534751699244,1,0.90245396,1
17083,0,0.4442574,0,0.5016597852487543,1,0.4409397,0,0.5341929350833751,1,0.45462492,0,0.46701256752415143,0,0.41880363,0
63069,0,0.7882221,1,0.6858387381866494,1,0.7749111,1,0.7143825040044955,1,0.75191796,1,0.68115506253949,1,0.81536,1
94338,0,0.14036715,0,0.228408814385671,0,0.127055,0,0.17849082909047798,0,0.1364937,0,0.25301357725635043,0,0.11852417,0
10752,1,0.45769808,0,0.49581312640581604,0,0.44532853,0,0.4888728619609428,0,0.47777364,0,0.49448293238011365,0,0.42008194,0
67160,0,0.26629263,0,0.20912890631676845,0,0.2757059,0,0.1821235802795037,0,0.25406998,0,0.20037262799668812,0,0.20678632,0
43939,0,0.14245318,0,0.20458529439578002,0,0.17308876,0,0.1533149138121057,0,0.1353378,0,0.19454181155510522,0,0.14101173,0
54962,0,0.3078369,0,0.38133687519582526,0,0.30203515,0,0.3350308712110415,0,0.3105788,0,0.337112620483444,0,0.31295022,0
24267,1,0.7933925,1,0.7705560963333783,1,0.7883187,1,0.7459573259976804,1,0.78727704,1,0.7511513253163719,1,0.7792581,1
19509,0,0.79174334,1,0.7946786273594802,1,0.8087991,1,0.8091826366704589,1,0.7954354,1,0.7757265322768039,1,0.810816,1
32311,1,0.61845464,1,0.6159436949491106,1,0.6073163,1,0.6348302798021472,1,0.59566504,1,0.5984936480134522,1,0.5649195,1
66277,1,0.8921869,1,0.8892306002780266,1,0.8794294,1,0.9249745677995462,1,0.8822293,1,0.9238035499429657,1,0.84435374,1
88408,1,0.7977683,1,0.7534708102476442,1,0.8217385,1,0.788225963039769,1,0.82032067,1,0.7415855425533183,1,0.80576676,1
4650,0,0.098225184,0,0.11411638886204105,0,0.10551354,0,0.09492137572893342,0,0.079892114,0,0.11913268422392682,0,0.085074216,0
80265,1,0.2442069,0,0.2584540082310801,0,0.24302678,0,0.21428700755716643,0,0.2601567,0,0.2299249731016573,0,0.2730762,0
96460,1,0.6945272,1,0.6067092176586192,1,0.6462493,1,0.6360759862108025,1,0.6434376,1,0.673701545619856,1,0.6864479,1
56985,0,0.17922062,0,0.10052167039966,0,0.18233587,0,0.1862886900539678,0,0.20089987,0,0.2786318834097952,0,0.16893052,0
92494,1,0.24135134,0,0.3158317536027965,0,0.2473721,0,0.37943001114402564,0,0.2118849,0,0.28264512751486104,0,0.2279858,0
3244,0,0.10071306,0,0.21979746534935984,0,0.07517337,0,0.17751114062796475,0,0.09582813,0,0.22790212516459596,0,0.10924377,0
77022,1,0.24371667,0,0.22629635055137895,0,0.25994366,0,0.19991607000278017,0,0.24898148,0,0.22579574094734914,0,0.24146655,0
23418,1,0.76515484,1,0.7488090720530521,1,0.71893275,1,0.7877049230174962,1,0.75071406,1,0.7481266332425927,1,0.8305559,1
98565,0,0.28815287,0,0.3271066638390836,0,0.26925096,0,0.2682188411535158,0,0.2689754,0,0.3033406125516076,0,0.32171136,0
55204,0,0.3275626,0,0.16556180573679305,0,0.32421505,0,0.26122926804022956,0,0.28359058,0,0.25307552332528355,0,0.2496033,0
77177,1,0.8074728,1,0.7547345360286697,1,0.81442344,1,0.7722614112113441,1,0.7979926,1,0.7268289063902594,1,0.72510237,1
73858,1,0.7801333,1,0.7094552755819312,1,0.76523685,1,0.7185584579564752,1,0.7385637,1,0.6958154156077773,1,0.8249603,1
29105,0,0.22116055,0,0.3061026750456581,0,0.22703955,0,0.24706541679956798,0,0.22353368,0,0.2828431434987761,0,0.23722473,0
50067,1,0.77391267,1,0.6950843303169157,1,0.8169335,1,0.7619872075852411,1,0.8031343,1,0.7033661882359576,1,0.8369764,1
22254,1,0.47641236,0,0.36708332856518583,0,0.50771165,1,0.3485099570646086,0,0.61745185,1,0.4168836677401485,0,0.75608,1
32591,0,0.21457109,0,0.28698608325358715,0,0.22345929,0,0.22925330338915834,0,0.22771242,0,0.2801170620354003,0,0.12753056,0
67875,1,0.64611,1,0.635732508156197,1,0.635502,1,0.638909678167242,1,0.68027276,1,0.632669601007781,1,0.8071503,1
38034,0,0.54289824,1,0.5490543524184753,1,0.57193816,1,0.5656049666700323,1,0.5156509,1,0.6002867088343788,1,0.56163645,1
23298,0,0.28263524,0,0.3863497654579421,0,0.27906793,0,0.3328457748184315,0,0.28436998,0,0.3451672917867793,0,0.28340253,0
59395,0,0.51308566,1,0.5042930163158458,1,0.53328615,1,0.5197889546114767,1,0.5267284,1,0.5262724305123847,1,0.5357802,1
68464,0,0.39287606,0,0.46185430817520656,0,0.39217308,0,0.4380054022715847,0,0.39026475,0,0.4249013257875664,0,0.40135667,0
63289,0,0.38349873,0,0.31992595904159093,0,0.46343556,0,0.28682652481808,0,0.33978269,0,0.37619917386516954,0,0.19941424,0
68947,0,0.23886056,0,0.17917993197575316,0,0.2501389,0,0.23382973819946828,0,0.22256625,0,0.17022167775016528,0,0.25245246,0
72865,0,0.3949594,0,0.4537823283968912,0,0.38833138,0,0.42684284586059745,0,0.3827253,0,0.42465366375100033,0,0.3835401,0
63952,0,0.030427862,0,0.04551053922112552,0,0.0242284,0,0.060611366676557615,0,0.032854527,0,0.03781841617427939,0,0.026354158,0
45932,0,0.749613,1,0.7649148171763201,1,0.75261396,1,0.7192238517092515,1,0.72657263,1,0.744917343871739,1,0.5773281,1
82665,0,0.54860806,1,0.6034086890729837,1,0.5611271,1,0.5761723249038649,1,0.5612498,1,0.5742886113663849,1,0.42035976,0
49862,0,0.83137697,1,0.636427803307739,1,0.83482254,1,0.7090524646380105,1,0.81728387,1,0.6850462958117026,1,0.85799676,1
39527,0,0.11942872,0,0.2207190740549181,0,0.1313518,0,0.17135297860689086,0,0.12520422,0,0.24648479516530875,0,0.1261142,0
92202,0,0.81732285,1,0.7350196255988134,1,0.8169521,1,0.7876235029388649,1,0.80642384,1,0.7229671806086857,1,0.8246002,1
92316,1,0.82475615,1,0.9382811859810252,1,0.8270769,1,0.8056835008022805,1,0.8442198,1,0.9397325024916456,1,0.84941983,1
47170,0,0.40056303,0,0.45733640440521667,0,0.4606324,0,0.4192597092971788,0,0.42192754,0,0.4164277786653766,0,0.4761479,0
16232,0,0.7846158,1,0.7194118966374451,1,0.80047745,1,0.7454442614157165,1,0.7863578,1,0.7147291130784091,1,0.8078988,1
60092,1,0.2211731,0,0.2683800138954979,0,0.2096294,0,0.2116810090574387,0,0.22834067,0,0.26562396320952425,0,0.26293254,0
18769,0,0.09330396,0,0.06735367462999749,0,0.07868427,0,0.11491743559214378,0,0.08091169,0,0.09616696667166076,0,0.08817594,0
80115,1,0.7438807,1,0.7201042209940305,1,0.72309303,1,0.7463015701526761,1,0.700861,1,0.6962382627663661,1,0.85338813,1
98701,1,0.64514005,1,0.5920593913745676,1,0.6230595,1,0.6029398861409926,1,0.60881823,1,0.579644317024724,1,0.57462585,1
83965,0,0.36685985,0,0.3101944131121847,0,0.33506766,0,0.29732729272094727,0,0.33595744,0,0.3118467629328231,0,0.38593543,0
53984,0,0.35699663,0,0.33984018567863317,0,0.33773118,0,0.3371848755232759,0,0.3451855,0,0.3699050171240216,0,0.3070076,0
2071,1,0.6087569,1,0.5774739958905061,1,0.593306,1,0.6552370355444401,1,0.6009221,1,0.6045947146905513,1,0.7039303,1
93470,1,0.81636065,1,0.6547530768443468,1,0.79558486,1,0.7339128270723693,1,0.81965655,1,0.698269836327327,1,0.8651893,1
58536,1,0.8851273,1,0.8803978216916515,1,0.8943876,1,0.8868583332771153,1,0.89134043,1,0.8911291120391586,1,0.88108504,1
5760,1,0.17517212,0,0.22623524923356794,0,0.21666078,0,0.19195633055623199,0,0.20606832,0,0.21238688247137713,0,0.25628096,0
46412,1,0.8547662,1,0.764293427831917,1,0.8708926,1,0.8329208612509716,1,0.90106106,1,0.8359364375595952,1,0.8465454,1
59113,1,0.60788363,1,0.674497468337038,1,0.6278271,1,0.6978471514712928,1,0.5913769,1,0.6541343333641546,1,0.71681035,1
79720,0,0.09739004,0,0.11586983250906359,0,0.10656899,0,0.0922345600131627,0,0.10146574,0,0.1083987589636093,0,0.103742085,0
68162,1,0.4073084,0,0.35654998517612657,0,0.36056134,0,0.4499993713216947,0,0.416915,0,0.37702198451092034,0,0.3996932,0
17714,0,0.4731077,0,0.44034383043559283,0,0.4165934,0,0.42068385719718604,0,0.383771,0,0.41530081869678936,0,0.26834738,0
5486,1,0.62121814,1,0.6126797353178594,1,0.60506684,1,0.622094635182924,1,0.48981208,0,0.5730194705907595,1,0.45618218,0
69004,0,0.12345982,0,0.23737819014187517,0,0.14956474,0,0.1833232384162084,0,0.13692847,0,0.2532505068000633,0,0.1598431,0
70910,1,0.81320167,1,0.7052054425538319,1,0.83066934,1,0.7647868591891627,1,0.80541295,1,0.71018407836215,1,0.8180727,1
58965,1,0.8974738,1,0.8588647583448129,1,0.8825065,1,0.9259416127423686,1,0.8800724,1,0.9148347244476558,1,0.8564196,1
24268,0,0.12890334,0,0.22208467826231137,0,0.13516873,0,0.17295240210851134,0,0.12969676,0,0.24540398331804747,0,0.120716475,0
68296,0,0.37707818,0,0.39142243188291514,0,0.39667746,0,0.4328559099395234,0,0.3828442,0,0.36943893316930587,0,0.44570622,0
23049,0,0.16498151,0,0.1620246452247691,0,0.15274023,0,0.1309110664688526,0,0.15393685,0,0.1519847053031,0,0.16620773,0
13758,1,0.86146545,1,0.7225089500593554,1,0.86960435,1,0.8064703229227502,1,0.8809295,1,0.765196833493594,1,0.9084609,1
45308,0,0.10965244,0,0.1728015492132176,0,0.09263448,0,0.1298203820098422,0,0.09482148,0,0.19132451401585054,0,0.057084206,0
66431,0,0.49860588,0,0.37658768171567053,0,0.4976433,0,0.4294490093062421,0,0.51981115,1,0.4500646728411017,0,0.42784935,0
92859,0,0.10080475,0,0.11373535927088618,0,0.10183933,0,0.09101540041689832,0,0.09131505,0,0.11738742774325049,0,0.08150037,0
41048,1,0.8203615,1,0.5697457545855898,1,0.7981412,1,0.6734818845933989,1,0.82118124,1,0.6306224106486645,1,0.59271336,1
40676,1,0.36805275,0,0.4324720773818197,0,0.3715845,0,0.40068426666605433,0,0.3413863,0,0.3974629710199336,0,0.34336537,0
73214,1,0.82188934,1,0.7867522479251035,1,0.83810014,1,0.8237646365876213,1,0.8383601,1,0.7936821029809898,1,0.8619525,1
10395,1,0.7324217,1,0.6600070615299934,1,0.71447724,1,0.6766537650662265,1,0.7970466,1,0.6492682665038784,1,0.83092993,1
49308,0,0.3934583,0,0.2906616258193157,0,0.38544685,0,0.4834887077192917,0,0.36270747,0,0.4947302572807858,0,0.5215781,1
24473,1,0.85097915,1,0.8952510638070019,1,0.84695,1,0.8732749477078673,1,0.85651827,1,0.8916787586617831,1,0.897651,1
84780,0,0.5744926,1,0.5497385632420622,1,0.5615155,1,0.6028094179504782,1,0.56852484,1,0.5150680990471522,1,0.44072205,0
63440,1,0.10972194,0,0.12820360820223597,0,0.11494616,0,0.10341844602853319,0,0.10869183,0,0.12107760427805975,0,0.11606451,0
48537,0,0.6640653,1,0.5765607165135118,1,0.68429565,1,0.5993655488245672,1,0.6811088,1,0.612743782462378,1,0.69595015,1
92425,0,0.16230178,0,0.2518490586983296,0,0.1396605,0,0.21822423085758455,0,0.14676325,0,0.29121132182570786,0,0.118084535,0
69768,1,0.23833266,0,0.3315592715850945,0,0.24342261,0,0.2724594156138333,0,0.23402914,0,0.298820937646317,0,0.25208202,0
24825,0,0.20860498,0,0.28988486126081536,0,0.20341054,0,0.24285269315349461,0,0.19065998,0,0.3006984663053817,0,0.18611449,0
20754,0,0.25254694,0,0.30323640964630405,0,0.2601627,0,0.2462622965105851,0,0.26648566,0,0.29422044121810836,0,0.3044519,0
98397,1,0.7605013,1,0.882839850862604,1,0.78061914,1,0.7485857085790504,1,0.7550474,1,0.8546038996972347,1,0.7166451,1
95061,1,0.54748255,1,0.32473137677970504,0,0.54263836,1,0.39992166384663913,0,0.5298259,1,0.5134955750344047,1,0.51981395,1
59490,1,0.81339306,1,0.7217834043829687,1,0.83874625,1,0.7871663815337112,1,0.8471689,1,0.7387938205555268,1,0.8096163,1
98398,1,0.8618957,1,0.579695361570664,1,0.8647125,1,0.686214684314194,1,0.8572056,1,0.6734802793635573,1,0.8731211,1
33298,0,0.7378513,1,0.5838051611735048,1,0.74767137,1,0.562900173288134,1,0.72827256,1,0.5486050527073458,1,0.75402457,1
14622,0,0.14184488,0,0.13879190703667849,0,0.14820588,0,0.21050647607390832,0,0.1498912,0,0.15006132866366564,0,0.18658043,0
49961,0,0.8430685,1,0.7769305203393676,1,0.83660656,1,0.8517435627762162,1,0.86725605,1,0.7993332893727993,1,0.8782499,1
34285,1,0.8173159,1,0.7712823769250262,1,0.8339665,1,0.777045952153571,1,0.8208115,1,0.759514085535794,1,0.8732644,1
7392,0,0.46329457,0,0.4234561656162896,0,0.47165665,0,0.5138216432590005,1,0.45463014,0,0.40297601227182583,0,0.46971545,0
49463,0,0.3853126,0,0.4666742273973859,0,0.40998307,0,0.4328175028469547,0,0.36419776,0,0.42418394161529965,0,0.47547793,0
21332,1,0.8910912,1,0.8728414195133863,1,0.88509256,1,0.885234188926188,1,0.8829621,1,0.8844807506080093,1,0.8296847,1
84828,1,0.88761145,1,0.7230537620821775,1,0.88252985,1,0.8100088760577571,1,0.8691227,1,0.7821873201494323,1,0.88479716,1
89760,1,0.46309948,0,0.5281156913131795,1,0.4940817,0,0.5148807985116368,1,0.48170128,0,0.4846782388011099,0,0.58556354,1
56367,1,0.87265944,1,0.6709960067024396,1,0.85611695,1,0.7795905963240087,1,0.86299914,1,0.7588177062892651,1,0.8935726,1
71488,1,0.33407372,0,0.3425117213636946,0,0.34794715,0,0.3254999622941511,0,0.33582643,0,0.3663805422262462,0,0.37185255,0
41270,0,0.19226858,0,0.22478494260441229,0,0.2272163,0,0.17502132834078807,0,0.19953278,0,0.19901320899613462,0,0.26470038,0
24225,1,0.74797463,1,0.5274497974820067,1,0.69202626,1,0.5940896445382301,1,0.72015494,1,0.5162203309230288,1,0.8584824,1
38582,0,0.3918487,0,0.23155381556590296,0,0.36138877,0,0.25384710551525674,0,0.4068082,0,0.30219414872423533,0,0.33368358,0
43555,0,0.14376071,0,0.22819064063831918,0,0.12702441,0,0.17474116994109007,0,0.12961332,0,0.25979474737498526,0,0.1252945,0
75060,1,0.8231192,1,0.7580894500505723,1,0.81767726,1,0.7751374543073205,1,0.8549387,1,0.7570371194564622,1,0.8478884,1
35196,1,0.80103767,1,0.9360954429598557,1,0.8143886,1,0.8073566753320112,1,0.8566846,1,0.9432334868868898,1,0.79637694,1
98703,0,0.25214925,0,0.28837690386028064,0,0.23392564,0,0.23971835476817646,0,0.22084858,0,0.29269596240837104,0,0.22446503,0
17896,0,0.26173246,0,0.2189382726592644,0,0.2468503,0,0.2107187983794981,0,0.2718627,0,0.21508826672856238,0,0.17810783,0
40884,0,0.22338179,0,0.16731594308596115,0,0.2698292,0,0.22085361128312866,0,0.25051048,0,0.17223305752990456,0,0.22787347,0
56870,0,0.40370652,0,0.45318774297892345,0,0.4078587,0,0.43015800500253293,0,0.42888308,0,0.4261868026771422,0,0.37634006,0
37873,0,0.07429154,0,0.046851054779137674,0,0.04948357,0,0.06268584697760254,0,0.058964826,0,0.044700628658800874,0,0.030792387,0
85095,1,0.875205,1,0.8504179746218028,1,0.9262477,1,0.85646994887113,1,0.889797,1,0.8558297789112205,1,0.8997861,1
19380,1,0.5175398,1,0.5717657710338951,1,0.54099905,1,0.5686675352712482,1,0.5098533,1,0.5501026538018243,1,0.47711894,0
17710,1,0.8743517,1,0.7858821686051524,1,0.857045,1,0.805142188100641,1,0.8898332,1,0.789136401811522,1,0.8501987,1
82101,0,0.81474507,1,0.7110868502193719,1,0.7998217,1,0.7668579945139378,1,0.8239199,1,0.7098490298193526,1,0.8233006,1
22580,1,0.49931964,0,0.5318055344554582,1,0.5206581,1,0.5332227281677051,1,0.49550053,0,0.5325964145428096,1,0.44948927,0
99109,1,0.82570535,1,0.7743277630504091,1,0.82055753,1,0.7984474526909563,1,0.83122754,1,0.770963483172087,1,0.8479645,1
21169,1,0.40392897,0,0.48104739716157063,0,0.40561357,0,0.4572505923726118,0,0.40999702,0,0.45472224175635717,0,0.44185832,0
50538,0,0.5178126,1,0.44176074507193847,0,0.48056036,0,0.41188875253563556,0,0.412913,0,0.42564522456790865,0,0.2591279,0
17917,0,0.1764206,0,0.2308773506995242,0,0.16819422,0,0.18422191812159644,0,0.1798875,0,0.23963364787472613,0,0.17736986,0
93046,0,0.17118359,0,0.10816444319236398,0,0.15834229,0,0.14690322743094977,0,0.16462736,0,0.16230733389156687,0,0.176659,0
63907,0,0.33010724,0,0.4031295376976446,0,0.28628823,0,0.35328213048012624,0,0.30158123,0,0.3617943829515011,0,0.2946524,0
49763,1,0.74941605,1,0.6584412126311534,1,0.7579755,1,0.7062868360871764,1,0.77852315,1,0.6498240633380348,1,0.86770165,1
35362,1,0.7346441,1,0.640623045702531,1,0.7225565,1,0.6851798164976176,1,0.7033677,1,0.6782642904794719,1,0.8311693,1
28031,1,0.450729,0,0.4879592333117814,0,0.4276309,0,0.5425204107502478,1,0.40799743,0,0.4802213929946466,0,0.2900341,0
36504,1,0.4922497,0,0.33785469966510906,0,0.4627593,0,0.3720856007005315,0,0.4860707,0,0.5164045894589614,1,0.48456293,0
82253,1,0.29755554,0,0.32146717849817924,0,0.31701064,0,0.29072942040066707,0,0.2966199,0,0.3202235178224764,0,0.35868102,0
20441,1,0.52410156,1,0.5207824085782661,1,0.51115143,1,0.5237855584041204,1,0.45549023,0,0.5419783767685196,1,0.4748276,0
91486,1,0.63828576,1,0.44226240748258083,0,0.5613119,1,0.5173753706940034,1,0.62086886,1,0.44645809382828033,0,0.7630203,1
68304,0,0.062263343,0,0.04173321524713332,0,0.060157996,0,0.05893522442385186,0,0.056017343,0,0.03798691874751479,0,0.054897334,0
3616,0,0.46152428,0,0.45256821905523803,0,0.45498767,0,0.47367531585238726,0,0.45666763,0,0.4179270189018022,0,0.44946125,0
81823,1,0.8186111,1,0.7466132407215322,1,0.7860878,1,0.7976291888850081,1,0.80556154,1,0.7306622942980174,1,0.81230026,1
26581,1,0.52635944,1,0.5155283937568637,1,0.490699,0,0.5237496794958638,1,0.52825063,1,0.5381895493298078,1,0.61744213,1
55372,0,0.49507883,0,0.5840391952184957,1,0.52591383,1,0.6453173641529186,1,0.55423313,1,0.568597554555361,1,0.5185331,1
24358,1,0.88356775,1,0.7612967068725423,1,0.8886368,1,0.8460876605702934,1,0.8843662,1,0.8116409144271003,1,0.87628776,1
99384,1,0.60915905,1,0.6258779596779823,1,0.6223108,1,0.6614941269015692,1,0.6149279,1,0.6712630692709787,1,0.6222631,1
49643,0,0.3925238,0,0.4570593403868291,0,0.40044352,0,0.5177289487431512,1,0.37150353,0,0.4405163095547285,0,0.3078275,0
18661,0,0.34082913,0,0.4433396985532079,0,0.36196455,0,0.4054032186516676,0,0.3457918,0,0.40687882520320384,0,0.3599486,0
2385,0,0.47831243,0,0.45144115587232575,0,0.44973257,0,0.5132105825720867,1,0.5061787,1,0.4267716355775234,0,0.43229783,0
71894,1,0.8440586,1,0.59417635560644,1,0.8415377,1,0.6600788358576373,1,0.84977436,1,0.6520605998338943,1,0.85268754,1
96098,1,0.5628257,1,0.43140404859325004,0,0.55244446,1,0.43590498821128115,0,0.5852129,1,0.48458353515577834,0,0.8184779,1
47425,1,0.8488676,1,0.8670548459935744,1,0.85465246,1,0.831596641496745,1,0.8536631,1,0.8705445905303831,1,0.86372447,1
4622,1,0.8127136,1,0.9203279432290365,1,0.8677774,1,0.9247289761355387,1,0.85635126,1,0.9382948375259614,1,0.83966,1
17483,0,0.1436935,0,0.2293603047585207,0,0.1314384,0,0.17737083395573358,0,0.12783046,0,0.2655201418587548,0,0.10023681,0
81407,0,0.23729704,0,0.3141731810835773,0,0.2172915,0,0.25893758987794097,0,0.20767207,0,0.27857506225738615,0,0.24160229,0
19229,1,0.8409956,1,0.9295459680334959,1,0.8675342,1,0.9271735276170627,1,0.84777343,1,0.942214632185518,1,0.81598246,1
81705,1,0.677987,1,0.6718676422033077,1,0.6978557,1,0.6908220519564106,1,0.6658205,1,0.6461407793102284,1,0.6311988,1
25707,0,0.72864884,1,0.6910130410187101,1,0.7461707,1,0.7168449216605324,1,0.7390035,1,0.6574305813689592,1,0.5840553,1
59355,0,0.8794936,1,0.8834252122974932,1,0.8808168,1,0.9197538603242138,1,0.88016355,1,0.9214834327230057,1,0.857958,1
58666,1,0.7942731,1,0.8023950958304981,1,0.7944034,1,0.8351888915574752,1,0.78946114,1,0.785196623416852,1,0.84729886,1
30137,1,0.44916695,0,0.4740082914818287,0,0.43445003,0,0.46588267466839395,0,0.46596745,0,0.46355649376385505,0,0.5227115,1
