seed,representation,cv_roc_auc,n_evals,seconds
42,quantum,0.7879129975537578,40,1035.4176048999652
42,control,0.7862594813412415,40,4.469737599953078
123,quantum,0.786047226479072,40,1363.1000351000112
123,control,0.7807338490020478,40,3.0835281000472605
2024,quantum,0.7876967067698805,40,1056.2157351999776
2024,control,0.7841998584785378,40,4.478696500067599
7,quantum,0.7834462252607338,40,5888.461708000046
7,control,0.7845153345437454,40,2.935535700060427
99,quantum,0.7841141566376745,40,985.8106545000337
99,control,0.7837561895141288,40,6.600775199942291
