stage,n_train,classical_model,auc_classical,auc_qsvm,delong_delta,delong_ci_low,delong_ci_high,delong_p,bootstrap_delta,bootstrap_ci_low,bootstrap_ci_high,bootstrap_p,mcnemar_p,mcnemar_n_discordant,delong_p_holm,delong_significant_holm,bootstrap_p_holm,bootstrap_significant_holm
A,1000,logistic_regression,0.8452845284528453,0.739073907390739,0.1062106210621063,0.0520908724303399,0.1603303696938726,0.000119840805548,0.1062106210621061,0.0550219372153135,0.1619079748376624,0.0,0.0113309841835871,36,0.001917452888768,True,0.0,True
A,1000,rbf_svm,0.8350335033503351,0.739073907390739,0.0959595959595961,0.0422753971741034,0.1496437947450888,0.0004593549188336,0.0959595959595959,0.0456892215356927,0.15108405417814,0.0,0.0576126729138195,34,0.005102734964472,True,0.0,True
A,1000,random_forest,0.8356835683568357,0.739073907390739,0.0966096609660966,0.0453365271659034,0.1478827947662899,0.000221627884172,0.0966096609660964,0.0472688802793843,0.1493512189564821,0.0,0.0018782254774123,35,0.002881162494236,True,0.0,True
A,1000,xgboost,0.8417841784178418,0.739073907390739,0.1027102710271028,0.0499588959755311,0.1554616460786745,0.0001355368794653,0.1027102710271027,0.0530539709001869,0.1559939390379356,0.0,0.00763207860291,37,0.0019770549861765,True,0.0,True
B,5000,logistic_regression,0.8502850285028501,0.7714771477147715,0.0788078807880786,0.0349757205653246,0.1226400410108326,0.000425227913706,0.0788078807880787,0.03595372140741,0.1264062665066026,0.001,0.557197093963623,26,0.005102734964472,True,0.009000000000000001,True
B,5000,rbf_svm,0.838083808380838,0.7714771477147715,0.0666066606660664,0.0266989475656877,0.1065143737664452,0.0010708697338077,0.0666066606660665,0.0279442488059531,0.1103085852063467,0.0,0.5412561893463135,24,0.0085669578704616,True,0.0,True
B,5000,random_forest,0.8382838283828384,0.7714771477147715,0.0668066806680669,0.0291104753983955,0.1045028859377383,0.0005136706942698,0.0668066806680667,0.0321183025911286,0.107778892263427,0.0,0.0346896648406982,23,0.005136706942698,True,0.0,True
B,5000,xgboost,0.8476847684768477,0.7714771477147715,0.0762076207620762,0.0371383819466425,0.1152768595775099,0.0001318036657451,0.0762076207620762,0.0389878342580567,0.116691837014411,0.0,0.0783538818359375,21,0.0019770549861765,True,0.0,True
C,10000,logistic_regression,0.8503850385038502,0.8012801280128014,0.0491049104910488,0.0118195182608132,0.0863903027212843,0.0098436094539331,0.0491049104910491,0.01251703125,0.085915354793233,0.013,0.6900379657745361,25,0.051438948583161004,False,0.06,False
C,10000,rbf_svm,0.8415341534153414,0.8012801280128014,0.04025402540254,0.004383991356547,0.076124059448533,0.0278417948311515,0.0402540254025404,0.0061705865735008,0.0769790211443019,0.022,0.4243562221527099,25,0.051438948583161004,False,0.06,False
C,10000,random_forest,0.847084708470847,0.8012801280128014,0.0458045804580456,0.0096951032709793,0.081914057645112,0.0129115924341456,0.0458045804580458,0.0101234114831848,0.0821378250819558,0.013,0.2477885633707046,27,0.051438948583161004,False,0.06,False
C,10000,xgboost,0.8515851585158517,0.8012801280128014,0.0503050305030503,0.0115462544517304,0.0890638065543702,0.0109641916322096,0.0503050305030503,0.0121555924027735,0.0889547062423499,0.012,0.0931396484375,23,0.051438948583161004,False,0.06,False
D,20000,logistic_regression,0.8499849984998498,0.7994799479947995,0.050505050505050275,0.01284726724294949,0.08816283376715106,0.0085731580971935,0.0505050505050505,0.015624999999999997,0.09083692033183742,0.008,1.0,21,0.051438948583161004,False,0.048,True
D,20000,rbf_svm,0.8405840584058406,0.7994799479947995,0.04110411041104112,0.0060698035708670675,0.07613841725121517,0.021474641022091845,0.041104110411041006,0.008722929916481523,0.07823523554925879,0.014,0.629058837890625,17,0.051438948583161004,False,0.06,False
D,20000,random_forest,0.8535853585358535,0.7994799479947995,0.054105410541054,0.019301859981682448,0.08890896110042555,0.0023117665417407007,0.05410541054105411,0.02220815765085647,0.0901413401812612,0.002,0.26317596435546875,20,0.016182365792184905,True,0.014,True
D,20000,xgboost,0.8612861286128612,0.7994799479947995,0.06180618061806176,0.025286034366776906,0.09832632686934661,0.0009098459676735171,0.06180618061806176,0.027773954892736916,0.10019669507067633,0.001,0.143463134765625,17,0.008188613709061654,True,0.009000000000000001,True
