stage,n_train,classical_model,metric,observed_delta,ci_low,ci_high,ci_includes_zero,bootstrap_p_value,n_resamples_used,seed
A,1000,logistic_regression,roc_auc,0.1062106210621061,0.05502193721531354,0.16190797483766242,False,0.0,2000,42
A,1000,logistic_regression,pr_auc,0.12404995942489239,0.05126214617561718,0.1964527755111132,False,0.0,2000,42
A,1000,rbf_svm,roc_auc,0.09595959595959591,0.04568922153569273,0.15108405417814003,False,0.0,2000,42
A,1000,rbf_svm,pr_auc,0.09090587190260124,0.010897515716759239,0.17755938728949558,False,0.025,2000,42
A,1000,random_forest,roc_auc,0.09660966096609647,0.04726888027938435,0.1493512189564821,False,0.0,2000,42
A,1000,random_forest,pr_auc,0.0944938141786773,0.01847699062402436,0.16808901478461336,False,0.012,2000,42
A,1000,xgboost,roc_auc,0.10271027102710273,0.053053970900186986,0.1559939390379356,False,0.0,2000,42
A,1000,xgboost,pr_auc,0.08353494982987486,0.003159990252384224,0.1804321981279458,False,0.035,2000,42
B,5000,logistic_regression,roc_auc,0.07880788078807877,0.035953721407410016,0.12640626650660267,False,0.001,2000,42
B,5000,logistic_regression,pr_auc,0.11193463409669258,0.03615940469692916,0.1777050591615518,False,0.003,2000,42
B,5000,rbf_svm,roc_auc,0.06660666066606657,0.02794424880595314,0.11030858520634676,False,0.0,2000,42
B,5000,rbf_svm,pr_auc,0.09362679615999281,0.027133359207069586,0.15587897306819073,False,0.01,2000,42
B,5000,random_forest,roc_auc,0.06680668066806672,0.03211830259112867,0.10777889226342709,False,0.0,2000,42
B,5000,random_forest,pr_auc,0.07150264762485647,0.0050996867646558005,0.13248277178321635,False,0.035,2000,42
B,5000,xgboost,roc_auc,0.07620762076207621,0.03898783425805679,0.11669183701441106,False,0.0,2000,42
B,5000,xgboost,pr_auc,0.07210775381897361,0.0071075963163013695,0.13099096921634562,False,0.028,2000,42
C,10000,logistic_regression,roc_auc,0.04910491049104915,0.01251703125,0.08591535479323303,False,0.013,2000,42
C,10000,logistic_regression,pr_auc,0.0483390094760181,-0.007580181383020739,0.1074845769365331,True,0.083,2000,42
C,10000,rbf_svm,roc_auc,0.040254025402540417,0.006170586573500889,0.0769790211443019,False,0.022,2000,42
C,10000,rbf_svm,pr_auc,0.029970866117450812,-0.029657037444389286,0.0952607747044938,True,0.325,2000,42
C,10000,random_forest,roc_auc,0.04580458045804581,0.010123411483184862,0.08213782508195584,False,0.013,2000,42
C,10000,random_forest,pr_auc,0.04268802161168905,-0.008585258235952626,0.09984444051267956,True,0.123,2000,42
C,10000,xgboost,roc_auc,0.05030503050305035,0.012155592402773571,0.0889547062423499,False,0.012,2000,42
C,10000,xgboost,pr_auc,0.029275144307491563,-0.03348793487097256,0.09476046925385218,True,0.357,2000,42
