stage,n_train,classical_model,auc_a,auc_b,delta,var_delta,ci_low,ci_high,z,p_value
A,1000,logistic_regression,0.8452845284528453,0.739073907390739,0.10621062106210633,0.0007624570062256541,0.05209087243033998,0.16033036969387265,3.846451569347682,0.00011984080554805487
A,1000,rbf_svm,0.8350335033503351,0.739073907390739,0.09595959595959613,0.000750234047470418,0.04227539717410347,0.1496437947450888,3.5034024220670448,0.0004593549188336432
A,1000,random_forest,0.8356835683568357,0.739073907390739,0.09660966096609669,0.0006843583056338701,0.04533652716590347,0.1478827947662899,3.692995571327084,0.0002216278841720154
A,1000,xgboost,0.8417841784178418,0.739073907390739,0.10271027102710284,0.0007243882336681572,0.04995889597553116,0.15546164607867452,3.8161741160048024,0.00013553687946532555
B,5000,logistic_regression,0.8502850285028501,0.7714771477147715,0.07880788078807865,0.0005001376715125165,0.03497572056532466,0.12264004101083265,3.523910463403927,0.00042522791370602775
B,5000,rbf_svm,0.838083808380838,0.7714771477147715,0.06660666066606646,0.0004145887380915263,0.026698947565687733,0.1065143737664452,3.2712136550548676,0.0010708697338077666
B,5000,random_forest,0.8382838283828384,0.7714771477147715,0.06680668066806694,0.0003699125665692902,0.029110475398395536,0.10450288593773835,3.4735243799573263,0.0005136706942698854
B,5000,xgboost,0.8476847684768477,0.7714771477147715,0.07620762076207621,0.00039735045795481956,0.037138381946642506,0.11527685957750991,3.8230637854698153,0.0001318036657451671
C,10000,logistic_regression,0.8503850385038502,0.8012801280128014,0.049104910491048814,0.0003618938894446638,0.011819518260813275,0.08639030272128435,2.5812751393955433,0.009843609453933144
C,10000,rbf_svm,0.8415341534153414,0.8012801280128014,0.04025402540254008,0.00033494029287243696,0.004383991356547094,0.07612405944853307,2.199508367362491,0.027841794831151567
C,10000,random_forest,0.847084708470847,0.8012801280128014,0.045804580458045696,0.00033942686973478017,0.009695103270979319,0.08191405764511207,2.4861985001791247,0.012911592434145636
C,10000,xgboost,0.8515851585158517,0.8012801280128014,0.05030503050305035,0.00039106047757266494,0.01154625445173043,0.08906380655437027,2.543838017398123,0.01096419163220963
