stage,n_train,model,display_name,roc_auc,roc_auc_ci_low,roc_auc_ci_high,pr_auc,pr_auc_ci_low,pr_auc_ci_high,sensitivity,sensitivity_ci_low,sensitivity_ci_high,specificity,specificity_ci_low,specificity_ci_high,accuracy,accuracy_ci_low,accuracy_ci_high,precision,precision_ci_low,precision_ci_high,f1,f1_ci_low,f1_ci_high
A,1000,logistic_regression,Logistic Regression,0.8452845284528452,0.7896808241786186,0.8951552056358597,0.8432345415816935,0.7726426601237117,0.8998876439773477,0.7474747474747475,0.6593344155844155,0.8333333333333334,0.8118811881188119,0.7356087262491203,0.8866028010114763,0.78,0.725,0.835,0.7956989247311828,0.7065217391304348,0.8764079622693856,0.7708333333333333,0.698907234205001,0.8294930875576038
A,1000,rbf_svm,RBF-SVM,0.835033503350335,0.7762406015037594,0.888180321324556,0.8100904540594024,0.7283197978315781,0.8929246401263812,0.7373737373737373,0.6458333333333334,0.826530612244898,0.7821782178217822,0.6990102946099765,0.8613861386138614,0.76,0.7,0.82,0.7684210526315789,0.6831345634563457,0.8526393188854489,0.7525773195876289,0.6785611658456486,0.8163312113836361
A,1000,random_forest,Random Forest,0.8356835683568355,0.7755526267716489,0.8909569947019197,0.8136783963354784,0.7299862395566552,0.8860790266799373,0.7575757575757576,0.6732625666412796,0.8421174463937621,0.8316831683168316,0.7575615972812234,0.9032413151364763,0.795,0.735,0.85,0.8152173913043478,0.7291473765432098,0.8913431677018631,0.7853403141361256,0.7142857142857143,0.8449235520072306
A,1000,xgboost,XGBoost,0.8417841784178418,0.7825362524012499,0.8943849252571366,0.802719531986676,0.7175759505743262,0.8906554432754547,0.7676767676767676,0.6808510638297872,0.8522727272727273,0.801980198019802,0.72,0.8782740447957839,0.785,0.725,0.845,0.7916666666666666,0.7032967032967034,0.8712871287128713,0.7794871794871795,0.7078651685393259,0.8402037232174218
A,1000,qsvm,QSVM (fidelity kernel),0.7390739073907391,0.66848835831948,0.8081217382577277,0.7191845821568011,0.6268407687004981,0.810938827137461,0.7171717171717171,0.6295751633986928,0.8064657611771363,0.6831683168316832,0.5913955119214587,0.7700160550458715,0.7,0.635,0.76,0.6893203883495146,0.6,0.7747931605074461,0.7029702970297029,0.6243242181360994,0.7685757473967079
B,5000,logistic_regression,Logistic Regression,0.8502850285028503,0.7946276279004048,0.8989215293764387,0.848289483385222,0.7780927908060569,0.9049064001274391,0.7272727272727273,0.6363399621212121,0.8163451966152314,0.7920792079207921,0.7116820768136557,0.8666836734693877,0.76,0.7,0.82,0.7741935483870968,0.6818181818181818,0.8585858585858586,0.7500000000000001,0.6746952306266487,0.8137311901504788
B,5000,rbf_svm,RBF-SVM,0.8380838083808381,0.7820164455829594,0.8918197488965542,0.8299816454485223,0.7553046305871352,0.8959823368059063,0.7373737373737373,0.6458333333333334,0.826530612244898,0.7821782178217822,0.6989044430919051,0.8613861386138614,0.76,0.695,0.82,0.7684210526315789,0.6785714285714286,0.8521763833992094,0.7525773195876289,0.6775956284153005,0.8140805839150503
B,5000,random_forest,Random Forest,0.8382838283828382,0.7793156949050347,0.8930667964847652,0.8078574969133859,0.7192566017402904,0.886577387614207,0.7373737373737373,0.6476190476190476,0.8242024965325935,0.8514851485148515,0.7799954128440367,0.9200113636363636,0.795,0.74,0.85,0.8295454545454546,0.7446808510638298,0.9052786377708978,0.7807486631016042,0.7083333333333333,0.8442211055276382
B,5000,xgboost,XGBoost,0.8476847684768477,0.7884599999999998,0.9002919097713342,0.8084626031075031,0.7231040214382032,0.889901192915709,0.7474747474747475,0.6576514014014014,0.8315789473684211,0.8217821782178217,0.7454502572898799,0.8924731182795699,0.785,0.725,0.84,0.8043478260869565,0.7176406649616368,0.8829787234042553,0.774869109947644,0.7032967032967034,0.8358208955223881
B,5000,qsvm,QSVM (fidelity kernel),0.7714771477147715,0.699127976683617,0.8360607269815161,0.7363548492885295,0.6427082897128124,0.8341563479557101,0.7373737373737373,0.6470588235294118,0.8214285714285714,0.7425742574257426,0.6538461538461539,0.8235455720749837,0.74,0.675,0.8,0.7373737373737373,0.6435643564356436,0.8222395833333332,0.7373737373737375,0.6600854208154281,0.8018028397060656
C,10000,logistic_regression,Logistic Regression,0.8503850385038504,0.7957885568101624,0.8985093094724633,0.84850232459277,0.7783969772067705,0.9045012331324911,0.7272727272727273,0.6363399621212121,0.8163451966152314,0.801980198019802,0.7237993920972644,0.8785117530444633,0.765,0.705,0.825,0.782608695652174,0.695112323491656,0.8636503928170595,0.7539267015706806,0.6787772461456673,0.8156424581005587
C,10000,rbf_svm,RBF-SVM,0.8415341534153417,0.7848061675507957,0.8934144333020893,0.8301341812342027,0.7508242211829937,0.8964538607902462,0.7575757575757576,0.6666666666666666,0.8415971860343928,0.7920792079207921,0.7075471698113207,0.8686986689323137,0.775,0.715,0.8301249999999992,0.78125,0.6947213622291022,0.8611179867986799,0.7692307692307692,0.6966292134831461,0.8307729468599034
C,10000,random_forest,Random Forest,0.847084708470847,0.7923201515151516,0.8983903072020744,0.8428513367284409,0.7704419837644456,0.9018281124152905,0.7474747474747475,0.6597883307742926,0.8349514563106796,0.8217821782178217,0.7454545454545455,0.890256712441074,0.785,0.73,0.84,0.8043478260869565,0.7187224264705883,0.88,0.774869109947644,0.7045454545454546,0.8358248440337992
C,10000,xgboost,XGBoost,0.8515851585158516,0.7960109043617447,0.903263950455196,0.8294384594242434,0.7491507024251354,0.8995880011200819,0.7676767676767676,0.6831683168316832,0.8481040913200723,0.8217821782178217,0.7454502572898799,0.8932142119396819,0.795,0.74,0.85,0.8085106382978723,0.7233995060790274,0.8837209302325582,0.7875647668393781,0.7187370511049724,0.845780711825488
C,10000,qsvm,QSVM (fidelity kernel),0.8012801280128012,0.7359970792723473,0.862779101602099,0.8001633151167519,0.7140215223779899,0.8749547297565218,0.7474747474747475,0.6597883307742926,0.8333333333333334,0.7524752475247525,0.6666666666666666,0.8349514563106796,0.75,0.69,0.8051249999999993,0.7474747474747475,0.6555555555555556,0.8297872340425532,0.7474747474747475,0.6703281853281854,0.8080860417647981
