id,y_true,logistic_regression_y_proba,logistic_regression_y_pred,rbf_svm_y_proba,rbf_svm_y_pred,random_forest_y_proba,random_forest_y_pred,xgboost_y_proba,xgboost_y_pred
59314,1,0.41510404865212813,0,0.37846644902865895,0,0.4274045042647455,0,0.4192653,0
2907,1,0.6426819096717156,1,0.7762773898490787,1,0.8136210163101881,1,0.8302837,1
4610,0,0.07101886798366594,0,0.08490091676073516,0,0.15599923070302762,0,0.053489435,0
29612,0,0.344992893240173,0,0.2894992375600769,0,0.31051219894149146,0,0.29267156,0
81192,1,0.84100252744607,1,0.8612946287559964,1,0.8311257428339126,1,0.86797476,1
17985,0,0.723960934417419,1,0.7961601968989181,1,0.8045515303569684,1,0.8565819,1
7821,0,0.20562744002135352,0,0.1621723181817789,0,0.20775680735685687,0,0.17815086,0
9964,0,0.2900537265699067,0,0.26573194091366137,0,0.26634690861461535,0,0.24955854,0
72335,0,0.24717750680453712,0,0.26262586544796096,0,0.2542324259723157,0,0.23899874,0
96882,0,0.2861604688921677,0,0.23165276682577857,0,0.3039328742475296,0,0.25074163,0
70742,0,0.40622038792204374,0,0.33540834544632914,0,0.3914094109210102,0,0.3789945,0
62486,1,0.6530841541443259,1,0.7110581925547926,1,0.7747365610545904,1,0.7809349,1
63328,0,0.19412765879604857,0,0.13575929807044287,0,0.257925649676901,0,0.1760563,0
55055,0,0.21055546778195602,0,0.2594194617344325,0,0.2547351781675664,0,0.15466209,0
85649,1,0.35037053617695135,0,0.2793214392969871,0,0.3129583233576338,0,0.31979087,0
62967,0,0.3706206149429766,0,0.5945436800552174,1,0.4442162363815505,0,0.41936472,0
39789,1,0.8473978281475226,1,0.881429523251021,1,0.8139562804396783,1,0.8289766,1
13223,1,0.7862237153356391,1,0.7871049239910459,1,0.7424870668044109,1,0.8200994,1
63582,1,0.577823880657666,1,0.7028094467968802,1,0.56234721115675,1,0.58701545,1
51533,1,0.30834851800854063,0,0.2807864437937635,0,0.2936831426681213,0,0.2749743,0
78234,0,0.3426565785883253,0,0.28222226158328173,0,0.3080566916857358,0,0.30469552,0
39340,0,0.33005896179910743,0,0.27392984251569696,0,0.2716714934834235,0,0.25947663,0
85132,0,0.352012789881898,0,0.2891608497265377,0,0.2891005911034038,0,0.2944447,0
79,1,0.9839191993913948,1,0.8454999988914498,1,0.83421860372539,1,0.87103873,1
64428,0,0.3245507199445543,0,0.2694601652912611,0,0.29327152663503236,0,0.289737,0
98672,1,0.7314885592676588,1,0.7268772784696528,1,0.700160716396119,1,0.71758735,1
48567,0,0.22724039005910382,0,0.3192204014679588,0,0.2617263601858633,0,0.19432029,0
81653,1,0.6613651266380081,1,0.6651085312551074,1,0.6619056602545008,1,0.717488,1
70507,0,0.23667166465221842,0,0.24712420709513377,0,0.31168350534481265,0,0.27564454,0
47524,1,0.6493119717483735,1,0.6305588057763174,1,0.624385323189879,1,0.6059522,1
93929,0,0.3834119606588122,0,0.3081927491270724,0,0.37600072166520676,0,0.35687968,0
67243,0,0.3039810210985156,0,0.28361583264040663,0,0.2752064712823001,0,0.28173038,0
11935,1,0.3308015267060448,0,0.34434571198254765,0,0.3491295713963359,0,0.3152242,0
11606,0,0.4854881203078162,0,0.43298509308050975,0,0.33411788613369664,0,0.3741983,0
74218,1,0.9752145225698019,1,0.8342449387384127,1,0.8204343175105779,1,0.82686085,1
98248,1,0.8784371918725997,1,0.9218869232757866,1,0.8097569274972644,1,0.8530439,1
84314,0,0.4348823790953799,0,0.35913414232047486,0,0.4056199214724802,0,0.41521975,0
31330,0,0.5109923829580866,1,0.44672451065290186,0,0.36148278224363606,0,0.39404115,0
2893,1,0.6239458579001054,1,0.6889508793177944,1,0.7132650022638523,1,0.7145343,1
32736,1,0.8334702008089782,1,0.768802419872055,1,0.8320666092147391,1,0.83719033,1
7604,1,0.5458321558941579,1,0.6915344832359671,1,0.49685969265980134,0,0.58332145,1
6066,0,0.7616140956561539,1,0.7803546830635816,1,0.7629059719162273,1,0.77144307,1
55289,0,0.2196103685825556,0,0.16389927014821537,0,0.3224457304382648,0,0.20665844,0
90787,1,0.562075754656724,1,0.53856883734935,1,0.529701613822591,1,0.52049345,1
66264,1,0.3134640705495512,0,0.22480989384893751,0,0.3735116761804322,0,0.32582432,0
70083,1,0.8523158684403153,1,0.9192119813303918,1,0.8076584186752297,1,0.8397179,1
16284,0,0.1498081850274357,0,0.14247023084268431,0,0.17975933480668804,0,0.1255858,0
38289,1,0.9368639628115668,1,0.8681390838264862,1,0.8338024013284393,1,0.8653166,1
76890,0,0.198199055633185,0,0.13134184307347582,0,0.24610280871779688,0,0.194418,0
26273,1,0.7768399910856957,1,0.8498883384481652,1,0.836850655113066,1,0.8949878,1
17083,0,0.5164786128388524,1,0.4547785649445947,0,0.3979990526359213,0,0.39822876,0
63069,0,0.7041161525178337,1,0.7686966221900539,1,0.7258726693219443,1,0.7892791,1
94338,0,0.22540339406477652,0,0.27336725771955345,0,0.23567904641723164,0,0.15263435,0
10752,1,0.4570168875295852,0,0.39334607562187857,0,0.41116751647468597,0,0.43565243,0
67160,0,0.23982126321069624,0,0.19806875811378033,0,0.24353267492278116,0,0.20432323,0
43939,0,0.15632253130661675,0,0.12353971301238399,0,0.22462362825220653,0,0.14952937,0
54962,0,0.35977843773891266,0,0.2917544078285849,0,0.3163944494694292,0,0.32065278,0
24267,1,0.7534429848949116,1,0.7783965418498648,1,0.7267345026371211,1,0.77973455,1
19509,0,0.7194919613942455,1,0.7623377958941783,1,0.8045466838659142,1,0.813619,1
32311,1,0.5453679103825679,1,0.5520891839560801,1,0.5945581568247764,1,0.5655508,1
66277,1,0.8937847067754888,1,0.9106866172989824,1,0.812427778294103,1,0.81688225,1
88408,1,0.7396764643298585,1,0.7421843352662317,1,0.807924780676613,1,0.79445755,1
4650,0,0.13451213884858942,0,0.14573682610305502,0,0.18261886806485922,0,0.11181633,0
80265,1,0.32649273098089193,0,0.2752287676172661,0,0.28717187661292454,0,0.31608054,0
96460,1,0.603057765414959,1,0.7366559807845711,1,0.531933310705996,1,0.66978335,1
56985,0,0.09741753399343013,0,0.17464590808479877,0,0.33555145949350196,0,0.19552596,0
92494,1,0.3322822746085846,0,0.3037319316623564,0,0.2941077342939114,0,0.27040806,0
3244,0,0.219805118714228,0,0.27109343800736746,0,0.22235618022721831,0,0.0945848,0
77022,1,0.24091925930335595,0,0.17714573297403552,0,0.2684853824227716,0,0.2553393,0
23418,1,0.8129045474292242,1,0.8210808781212547,1,0.7756907668340289,1,0.81640667,1
98565,0,0.35220352669217314,0,0.29278540144833287,0,0.28812376008738905,0,0.29550672,0
55204,0,0.2575046234271911,0,0.34671860757407735,0,0.3332267667993493,0,0.23959139,0
77177,1,0.7577988976876358,1,0.7218220727715542,1,0.6995059741286074,1,0.6776316,1
73858,1,0.7287956016440015,1,0.7700665246952628,1,0.724572892581298,1,0.79800844,1
29105,0,0.288498994211993,0,0.2651837668268485,0,0.27406451591274916,0,0.25310344,0
50067,1,0.7328180558731593,1,0.7453218634598996,1,0.7977857756606693,1,0.7970897,1
22254,1,0.49295681001107927,0,0.7202170888868525,1,0.6616403274644828,1,0.70091915,1
32591,0,0.20212416083694568,0,0.23414469742184338,0,0.2530058016837948,0,0.22128841,0
67875,1,0.8292125480297852,1,0.7657889641409283,1,0.7415892623205698,1,0.7961452,1
38034,0,0.5077603445792345,1,0.48749235243730316,0,0.4554970247010371,0,0.52097625,1
23298,0,0.3587784090639438,0,0.28398216090514244,0,0.3129287543473449,0,0.31579253,0
59395,0,0.46148340399270515,0,0.4142147011991185,0,0.44243595323486545,0,0.48115504,0
68464,0,0.4302594517536475,0,0.35146260313903677,0,0.3858494172535311,0,0.39393923,0
63289,0,0.23536230066337405,0,0.31631156656369463,0,0.3540644106412254,0,0.24748631,0
68947,0,0.23496691742380496,0,0.2689350580341368,0,0.25460678264991193,0,0.25803006,0
72865,0,0.42602395689930433,0,0.35833927842714397,0,0.3996758525463396,0,0.392626,0
63952,0,0.06390566130732127,0,0.1328115889039326,0,0.15505743612111075,0,0.042797733,0
45932,0,0.5978042654000671,1,0.662744365242003,1,0.5764193686989976,1,0.6005637,1
82665,0,0.3724424022661767,0,0.33240117597582725,0,0.42678108242491447,0,0.40980098,0
49862,0,0.6394084733944494,1,0.7498825708552627,1,0.806881252383588,1,0.8487896,1
39527,0,0.22231967806145134,0,0.2758960167902258,0,0.23496319760078885,0,0.15358335,0
92202,0,0.7303490747256294,1,0.7556979114708408,1,0.803290598091358,1,0.81141543,1
92316,1,0.9101504266435697,1,0.8080836243585521,1,0.8360082580467156,1,0.8391393,1
47170,0,0.49788866327075687,0,0.4917252446249556,0,0.4925431718960703,0,0.48288897,0
16232,0,0.6985095466068566,1,0.7502244207704184,1,0.8031072554317357,1,0.80785704,1
60092,1,0.2987571897435366,0,0.2608320843137559,0,0.2816640396097223,0,0.28366742,0
18769,0,0.06968567894076327,0,0.12407555754229906,0,0.26448376889888,0,0.15211542,0
80115,1,0.858377906598433,1,0.873134218085318,1,0.7730255067550048,1,0.846617,1
98701,1,0.5252762693585257,1,0.5462973368547924,1,0.5964051016184739,1,0.55988485,1
83965,0,0.3808389388980377,0,0.3280100187481322,0,0.3806390128129433,0,0.3779115,0
53984,0,0.36374617770579315,0,0.30563625075844275,0,0.37406957196928636,0,0.3181847,0
2071,1,0.572381666076945,1,0.6560055396237638,1,0.6667990839396474,1,0.68265516,1
93470,1,0.6642125032216206,1,0.7461762882839654,1,0.8041531453717087,1,0.84694564,1
58536,1,0.9189275701840598,1,0.9061986883871986,1,0.8257788707595278,1,0.8896248,1
5760,1,0.3020078000427316,0,0.27714259736809843,0,0.2814541898770136,0,0.2936123,0
46412,1,0.7888974830202433,1,0.8740386168410255,1,0.8250766242498077,1,0.8706292,1
59113,1,0.664478835544075,1,0.7198682419796033,1,0.6848897087080388,1,0.7052898,1
79720,0,0.13209034208366216,0,0.14120603747883362,0,0.1689067355492801,0,0.10029175,0
68162,1,0.3956831809667532,0,0.440306876409099,0,0.35880026633282674,0,0.44257832,0
17714,0,0.26486210453488507,0,0.1645381090763284,0,0.391852853617202,0,0.30543903,0
5486,1,0.47847056797217846,0,0.4129946162932074,0,0.49153278302189485,0,0.49852106,0
69004,0,0.22822277338556304,0,0.2691743065582433,0,0.23514125353320414,0,0.13403943,0
70910,1,0.7418964680197261,1,0.753158723296136,1,0.7994304711456486,1,0.7983462,1
58965,1,0.8706947532909759,1,0.9278991664209988,1,0.8226208064677882,1,0.8737097,1
24268,0,0.224056190094623,0,0.27480678216146354,0,0.23580409286494122,0,0.15580495,0
68296,0,0.4268832691145362,0,0.4211425781686022,0,0.33545884303587115,0,0.3835432,0
23049,0,0.1567628318660531,0,0.13702490119228797,0,0.2107358585759227,0,0.16639984,0
13758,1,0.8033462495706221,1,0.8774744540892333,1,0.8377968931649367,1,0.908279,1
45308,0,0.13741369574296503,0,0.13047077382117622,0,0.20794424060512776,0,0.10589931,0
66431,0,0.4436296320423655,0,0.47601270862164213,0,0.3930954028566187,0,0.41612872,0
92859,0,0.12620911091564976,0,0.15885683837736547,0,0.19113867844468072,0,0.12924524,0
41048,1,0.42599174610104856,0,0.46447706856390886,0,0.6007489155872762,1,0.5978733,1
40676,1,0.3989083205600748,0,0.32889665830981246,0,0.38062067634930763,0,0.35900065,0
73214,1,0.8220375402121785,1,0.8498257623426946,1,0.8126083492974677,1,0.85533917,1
10395,1,0.7743173387985349,1,0.8107858594788171,1,0.7642127062149383,1,0.8027788,1
49308,0,0.5496480535509265,1,0.5902704142152664,1,0.4496990595727115,0,0.5604813,1
24473,1,0.9458053140767367,1,0.8275402323119787,1,0.8329986790943307,1,0.87940633,1
84780,0,0.47317775913381865,0,0.40664179538011846,0,0.41468933817009074,0,0.36634374,0
63440,1,0.1500171097251128,0,0.14019072207907693,0,0.1830138736554997,0,0.12304659,0
48537,0,0.6389953750262551,1,0.7572098007134959,1,0.6327923724629678,1,0.71567214,1
92425,0,0.2532761762176061,0,0.2749229270053615,0,0.2732521366030349,0,0.1926563,0
69768,1,0.3139124309564188,0,0.2832953759089767,0,0.2771064424864696,0,0.25834373,0
24825,0,0.24553662033040294,0,0.26241534857020615,0,0.2644989803873108,0,0.21957438,0
20754,0,0.3349301133622357,0,0.28357125464396976,0,0.28989184525257483,0,0.29847187,0
98397,1,0.8253663255662141,1,0.7296192189118516,1,0.8115067584103288,1,0.7998762,1
95061,1,0.32369831513631353,0,0.3224389158071065,0,0.4119986478279702,0,0.48472017,0
59490,1,0.7476376464173713,1,0.8130373326820537,1,0.8062259950976599,1,0.81663626,1
98398,1,0.6520949202890907,1,0.9009719034894343,1,0.7994592455705809,1,0.87965786,1
33298,0,0.6516703551542226,1,0.7235060972899993,1,0.5846914353158793,1,0.70529234,1
14622,0,0.18713268977233358,0,0.2766944628377559,0,0.24051449970582722,0,0.2227289,0
49961,0,0.7934324725157778,1,0.8528019771261721,1,0.8239119861694989,1,0.8760273,1
34285,1,0.8747164816591522,1,0.8140295373439708,1,0.7977274800664086,1,0.83069175,1
7392,0,0.4509244720993311,0,0.47409610027961263,0,0.47666133977686553,0,0.41776597,0
49463,0,0.5265951109252328,1,0.5129518514391488,1,0.4943682342396322,0,0.4880229,0
21332,1,0.8512721919776202,1,0.8046929935782953,1,0.8253472125323822,1,0.82755995,1
84828,1,0.7696412395011799,1,0.9376356114850285,1,0.8048232950351738,1,0.83036435,1
89760,1,0.6169128425210395,1,0.6251296570006039,1,0.5319201674441081,1,0.5317154,1
56367,1,0.788709607396641,1,0.9043488606136686,1,0.8064061280697413,1,0.8968578,1
71488,1,0.41923128806149784,0,0.37274509983803256,0,0.3963203220779885,0,0.4074021,0
41270,0,0.28816839481094597,0,0.2672542297596065,0,0.24606866790903392,0,0.2473542,0
24225,1,0.6725026086284797,1,0.7614554766211199,1,0.6948089766298975,1,0.7782538,1
38582,0,0.19657847510132004,0,0.1881004238845695,0,0.3563021115378595,0,0.32815468,0
43555,0,0.2334803909172664,0,0.275267069627548,0,0.23649185967902564,0,0.16264808,0
75060,1,0.7383679221709418,1,0.7690066041418582,1,0.8085578967279171,1,0.8174624,1
35196,1,0.9283518913723442,1,0.8452064149412405,1,0.8288842190823259,1,0.8633616,1
98703,0,0.29106882454971683,0,0.27427336322372275,0,0.2733006354890766,0,0.23939562,0
17896,0,0.2023047959104807,0,0.15237097975062178,0,0.28178800917640545,0,0.19581719,0
40884,0,0.13614455775674686,0,0.12768154689991498,0,0.24076803752503756,0,0.19401573,0
56870,0,0.41957450755954184,0,0.3460486516901051,0,0.4013289471249449,0,0.40304765,0
37873,0,0.03284037917177977,0,0.07381663342636723,0,0.1752318381651822,0,0.08519178,0
85095,1,0.8844439127968826,1,0.8027395495244299,1,0.7944415340899023,1,0.7667215,1
19380,1,0.4006080802636717,0,0.40811117540350506,0,0.5361396340231791,1,0.5503418,1
17710,1,0.7641558012617989,1,0.7902000083547212,1,0.8130636270369649,1,0.83120006,1
82101,0,0.7368296363517609,1,0.7707724640216155,1,0.7904419872959838,1,0.7976129,1
22580,1,0.5036144916053855,1,0.46018772311662354,0,0.43138421871042404,0,0.47117746,0
99109,1,0.8019941806885017,1,0.8528050136070761,1,0.7878960407419165,1,0.8447412,1
21169,1,0.44976742579392964,0,0.45122278223259543,0,0.45274056105965854,0,0.46241063,0
50538,0,0.3871739955308654,0,0.3658334822805582,0,0.3623547011489416,0,0.3800835,0
17917,0,0.22558968399464122,0,0.27009177458288325,0,0.23020961806816143,0,0.16338024,0
93046,0,0.1395787592114106,0,0.17882914428798663,0,0.2863017068041851,0,0.1650265,0
63907,0,0.3759282899466978,0,0.29592558510371614,0,0.31933574575270673,0,0.32232216,0
49763,1,0.8167068813075634,1,0.8379283938317992,1,0.7309296609165132,1,0.86220145,1
35362,1,0.7036831083183651,1,0.7682563026152229,1,0.7513112919251347,1,0.8240582,1
28031,1,0.332175104415926,0,0.26932480720423546,0,0.3376347513412333,0,0.30240726,0
36504,1,0.3517295590950958,0,0.38867013443786536,0,0.4262446817476825,0,0.49225286,0
82253,1,0.4030435068747448,0,0.34980026548852616,0,0.3655861551733223,0,0.3695491,0
20441,1,0.47074580844853664,0,0.42079221461035365,0,0.4433125368159796,0,0.47806367,0
91486,1,0.5337634382925829,1,0.7128866492158935,1,0.5654624689673796,1,0.706155,1
68304,0,0.045879763828225534,0,0.0970865755574935,0,0.16667402480879834,0,0.07139907,0
3616,0,0.4029778175890446,0,0.37253504987971914,0,0.3797295568678386,0,0.409,0
81823,1,0.7344333914799559,1,0.7590200376748757,1,0.8067392274502772,1,0.8143202,1
26581,1,0.5305840500894314,1,0.5981360597998274,1,0.4852915156711728,0,0.6067494,1
55372,0,0.5584187120612137,1,0.6492613160414246,1,0.47923756071103746,0,0.51679254,1
24358,1,0.7107283512439572,1,0.8132260962062989,1,0.8346134293964997,1,0.8650188,1
99384,1,0.6308521876005323,1,0.6076429673778088,1,0.48583032943876275,0,0.5547876,1
49643,0,0.3019262194563449,0,0.30924489407837064,0,0.3344800433874606,0,0.31362578,0
18661,0,0.4064993365707275,0,0.3277355915301454,0,0.38982548136278367,0,0.37457886,0
2385,0,0.42561325715315146,0,0.47948341605184036,0,0.4783521294061732,0,0.4459693,0
71894,1,0.6019244094961569,1,0.7546229225125511,1,0.8030643292156815,1,0.845504,1
96098,1,0.7730208306428044,1,0.9073265095285643,1,0.662005732684297,1,0.74319416,1
47425,1,0.9064847419860721,1,0.8807301143578657,1,0.8250570788738613,1,0.8621929,1
4622,1,0.9173689549314822,1,0.9145030688825575,1,0.8277083417331504,1,0.8516451,1
17483,0,0.22731056572990463,0,0.2755863968302335,0,0.23896562021301368,0,0.15466209,0
81407,0,0.3411868702367902,0,0.28368560676749177,0,0.2698683058150421,0,0.23900557,0
19229,1,0.9291756878881279,1,0.9002023015344328,1,0.8277227372285163,1,0.8485185,1
81705,1,0.638347509370118,1,0.6659710903747186,1,0.6231685162326331,1,0.63114285,1
25707,0,0.5457514464661622,1,0.582420287490832,1,0.6153782380583189,1,0.588057,1
59355,0,0.906221386954787,1,0.9030563675815219,1,0.8026633296030699,1,0.80263156,1
58666,1,0.818574909207887,1,0.8556274961055926,1,0.8117847484454513,1,0.8327088,1
30137,1,0.48517281956530245,0,0.4897979230761964,0,0.4543530483883371,0,0.54320407,1
