id,y_true,classical_proba,hybrid_proba
59314,1,0.39290884,0.33315134
2907,1,0.81661737,0.8675852
4610,0,0.059147876,0.06186225
29612,0,0.26728922,0.26223677
81192,1,0.83365315,0.8705824
17985,0,0.8512039,0.8205967
7821,0,0.17218065,0.18641606
9964,0,0.24704522,0.20773536
72335,0,0.22185656,0.19484612
96882,0,0.20995131,0.31199855
70742,0,0.3649072,0.38183647
62486,1,0.8022353,0.7595604
63328,0,0.1589023,0.18257548
55055,0,0.16300675,0.2793593
85649,1,0.29403484,0.30642647
62967,0,0.36926922,0.47486398
39789,1,0.8566537,0.82748604
13223,1,0.8820055,0.8248369
63582,1,0.58148396,0.6223421
51533,1,0.24400997,0.19962788
78234,0,0.29844588,0.25849193
39340,0,0.22191417,0.2630668
85132,0,0.24516848,0.27241352
79,1,0.8997685,0.87229955
64428,0,0.26546457,0.24385655
98672,1,0.75287884,0.6928064
48567,0,0.21481758,0.3153324
81653,1,0.68972695,0.74615574
70507,0,0.28023958,0.2652181
47524,1,0.5976119,0.73702604
93929,0,0.36332414,0.35774696
67243,0,0.24722175,0.26399568
11935,1,0.3117507,0.41835812
11606,0,0.36045945,0.3991208
74218,1,0.8750988,0.87281144
98248,1,0.8652805,0.8547573
84314,0,0.3723327,0.40507624
31330,0,0.42159325,0.39102486
2893,1,0.76867795,0.69107014
32736,1,0.85681486,0.86075205
7604,1,0.6366637,0.57149845
6066,0,0.7251606,0.7840121
55289,0,0.15696675,0.26946887
90787,1,0.5170894,0.51031446
66264,1,0.33972037,0.36688444
70083,1,0.8539849,0.877373
16284,0,0.11279644,0.11273678
38289,1,0.84419984,0.89240986
76890,0,0.19631208,0.22918883
26273,1,0.90245396,0.87682265
17083,0,0.41880363,0.4409397
63069,0,0.81536,0.7749111
94338,0,0.11852417,0.127055
10752,1,0.42008194,0.44532853
67160,0,0.20678632,0.2757059
43939,0,0.14101173,0.17308876
54962,0,0.31295022,0.30203515
24267,1,0.7792581,0.7883187
19509,0,0.810816,0.8087991
32311,1,0.5649195,0.6073163
66277,1,0.84435374,0.8794294
88408,1,0.80576676,0.8217385
4650,0,0.085074216,0.10551354
80265,1,0.2730762,0.24302678
96460,1,0.6864479,0.6462493
56985,0,0.16893052,0.18233587
92494,1,0.2279858,0.2473721
3244,0,0.10924377,0.07517337
77022,1,0.24146655,0.25994366
23418,1,0.8305559,0.71893275
98565,0,0.32171136,0.26925096
55204,0,0.2496033,0.32421505
77177,1,0.72510237,0.81442344
73858,1,0.8249603,0.76523685
29105,0,0.23722473,0.22703955
50067,1,0.8369764,0.8169335
22254,1,0.75608,0.50771165
32591,0,0.12753056,0.22345929
67875,1,0.8071503,0.635502
38034,0,0.56163645,0.57193816
23298,0,0.28340253,0.27906793
59395,0,0.5357802,0.53328615
68464,0,0.40135667,0.39217308
63289,0,0.19941424,0.46343556
68947,0,0.25245246,0.2501389
72865,0,0.3835401,0.38833138
63952,0,0.026354158,0.0242284
45932,0,0.5773281,0.75261396
82665,0,0.42035976,0.5611271
49862,0,0.85799676,0.83482254
39527,0,0.1261142,0.1313518
92202,0,0.8246002,0.8169521
92316,1,0.84941983,0.8270769
47170,0,0.4761479,0.4606324
16232,0,0.8078988,0.80047745
60092,1,0.26293254,0.2096294
18769,0,0.08817594,0.07868427
80115,1,0.85338813,0.72309303
98701,1,0.57462585,0.6230595
83965,0,0.38593543,0.33506766
53984,0,0.3070076,0.33773118
2071,1,0.7039303,0.593306
93470,1,0.8651893,0.79558486
58536,1,0.88108504,0.8943876
5760,1,0.25628096,0.21666078
46412,1,0.8465454,0.8708926
59113,1,0.71681035,0.6278271
79720,0,0.103742085,0.10656899
68162,1,0.3996932,0.36056134
17714,0,0.26834738,0.4165934
5486,1,0.45618218,0.60506684
69004,0,0.1598431,0.14956474
70910,1,0.8180727,0.83066934
58965,1,0.8564196,0.8825065
24268,0,0.120716475,0.13516873
68296,0,0.44570622,0.39667746
23049,0,0.16620773,0.15274023
13758,1,0.9084609,0.86960435
45308,0,0.057084206,0.09263448
66431,0,0.42784935,0.4976433
92859,0,0.08150037,0.10183933
41048,1,0.59271336,0.7981412
40676,1,0.34336537,0.3715845
73214,1,0.8619525,0.83810014
10395,1,0.83092993,0.71447724
49308,0,0.5215781,0.38544685
24473,1,0.897651,0.84695
84780,0,0.44072205,0.5615155
63440,1,0.11606451,0.11494616
48537,0,0.69595015,0.68429565
92425,0,0.118084535,0.1396605
69768,1,0.25208202,0.24342261
24825,0,0.18611449,0.20341054
20754,0,0.3044519,0.2601627
98397,1,0.7166451,0.78061914
95061,1,0.51981395,0.54263836
59490,1,0.8096163,0.83874625
98398,1,0.8731211,0.8647125
33298,0,0.75402457,0.74767137
14622,0,0.18658043,0.14820588
49961,0,0.8782499,0.83660656
34285,1,0.8732644,0.8339665
7392,0,0.46971545,0.47165665
49463,0,0.47547793,0.40998307
21332,1,0.8296847,0.88509256
84828,1,0.88479716,0.88252985
89760,1,0.58556354,0.4940817
56367,1,0.8935726,0.85611695
71488,1,0.37185255,0.34794715
41270,0,0.26470038,0.2272163
24225,1,0.8584824,0.69202626
38582,0,0.33368358,0.36138877
43555,0,0.1252945,0.12702441
75060,1,0.8478884,0.81767726
35196,1,0.79637694,0.8143886
98703,0,0.22446503,0.23392564
17896,0,0.17810783,0.2468503
40884,0,0.22787347,0.2698292
56870,0,0.37634006,0.4078587
37873,0,0.030792387,0.04948357
85095,1,0.8997861,0.9262477
19380,1,0.47711894,0.54099905
17710,1,0.8501987,0.857045
82101,0,0.8233006,0.7998217
22580,1,0.44948927,0.5206581
99109,1,0.8479645,0.82055753
21169,1,0.44185832,0.40561357
50538,0,0.2591279,0.48056036
17917,0,0.17736986,0.16819422
93046,0,0.176659,0.15834229
63907,0,0.2946524,0.28628823
49763,1,0.86770165,0.7579755
35362,1,0.8311693,0.7225565
28031,1,0.2900341,0.4276309
36504,1,0.48456293,0.4627593
82253,1,0.35868102,0.31701064
20441,1,0.4748276,0.51115143
91486,1,0.7630203,0.5613119
68304,0,0.054897334,0.060157996
3616,0,0.44946125,0.45498767
81823,1,0.81230026,0.7860878
26581,1,0.61744213,0.490699
55372,0,0.5185331,0.52591383
24358,1,0.87628776,0.8886368
99384,1,0.6222631,0.6223108
49643,0,0.3078275,0.40044352
18661,0,0.3599486,0.36196455
2385,0,0.43229783,0.44973257
71894,1,0.85268754,0.8415377
96098,1,0.8184779,0.55244446
47425,1,0.86372447,0.85465246
4622,1,0.83966,0.8677774
17483,0,0.10023681,0.1314384
81407,0,0.24160229,0.2172915
19229,1,0.81598246,0.8675342
81705,1,0.6311988,0.6978557
25707,0,0.5840553,0.7461707
59355,0,0.857958,0.8808168
58666,1,0.84729886,0.7944034
30137,1,0.5227115,0.43445003
